acc_x,acc_y,acc_z,label
-0.04619875,-0.08862872,-0.01986732,0
-0.03572938,0.019471819,-0.017029097,0
2.5467677,2.5544255,2.075772,2
0.010923046,-0.022909794,-0.008682647,0
1.2937049,1.3368455,1.132257,1
0.6206495,0.736279,1.333997,1
0.019450719,-0.04753093,-0.031349394,0
0.73256165,1.0095248,1.0889598,1
-0.030906461,0.13129634,-0.012386621,0
0.05889622,0.020418318,0.04303415,0
0.9846516,2.0535305,2.1523993,2
3.6674135,2.5746086,1.5148573,2
2.3882453,2.5262482,1.9880049,2
1.0774839,0.46449515,1.0261921,1
0.06681963,-0.10905157,0.01692454,0
1.1315223,1.1238804,0.9437102,1
2.2427962,2.0414867,1.9380478,2
1.7425195,2.8558362,1.6710135,2
0.67027265,1.0173752,1.3506541,1
-0.0676796,-0.0068840683,0.005000452,0
2.2981,2.7898343,2.7790442,2
0.06481999,-0.026542775,0.037073985,0
2.4622328,2.5346575,1.9276085,2
0.0036941767,-0.08704019,-0.029326305,0
1.6517173,2.1561651,2.3971667,2
1.2344925,0.7788719,1.1107655,1
0.9735079,0.80458397,1.0443549,1
1.3612151,1.2620147,1.3455555,1
-0.036372438,0.012852017,-0.036375884,0
1.9150903,1.8551319,2.8520625,2
0.023179404,-0.012963137,0.02326066,0
1.266426,1.3033422,0.873447,1
1.2041885,0.62035537,0.9445611,1
0.8089436,0.79221755,0.81836426,1
1.3999542,2.5679736,3.0860367,2
1.2188895,1.2751199,0.8510829,1
1.5081922,0.71412146,1.0215037,1
1.3248231,1.1490519,1.3049242,1
1.3258187,1.0993403,1.0632439,1
0.8833521,1.1306916,0.88208383,1
2.2642283,1.5621676,1.6480621,2
0.037843004,-0.059712835,0.0016079539,0
1.0749903,0.6786521,1.016078,1
0.03940507,0.041492883,-0.071877375,0
-0.06830238,-0.004393199,-0.02648464,0
0.41395983,0.6663974,0.94048226,1
-0.0346599,0.06682096,0.053895798,0
1.6590439,2.83021,1.9080426,2
0.99371463,1.4875112,1.2657284,1
1.0586159,0.5957161,0.8207897,1
1.7096238,0.6771318,0.73469263,1
0.6925437,0.56875193,0.85619473,1
0.041102044,-0.06879122,0.013196322,0
1.4753175,2.132972,1.7349478,2
1.0505537,0.66942304,1.1041965,1
0.055155255,0.027329458,-0.08146491,0
0.88952416,1.1348897,0.90421474,1
1.6714617,2.3756697,2.475192,2
0.003705742,-0.0407912,0.041993357,0
2.9766035,1.945321,1.677787,2
0.0039783595,0.12973781,-0.07487335,0
0.9680365,1.7886357,1.2925422,1
-0.017770344,0.0003931384,-0.066275634,0
3.2192414,1.05771,1.7222486,2
2.6042364,1.9323338,1.3198148,2
0.98229504,0.5046442,0.66286033,1
2.8978717,1.9967388,3.4646418,2
-0.027675726,-0.010984073,0.03617696,0
1.1236725,1.395087,0.8181436,1
1.1298282,0.7572204,1.1098626,1
1.307062,2.1114252,2.6599383,2
0.66792756,0.57756513,0.9716893,1
-0.05957969,-0.028339522,-0.042955052,0
1.2031889,0.61338073,0.7670184,1
2.4397962,1.4269884,2.6798038,2
2.702185,1.2607353,1.5750885,2
1.8278205,1.7027116,1.9844815,2
2.5221217,1.338683,1.5502522,2
1.276992,1.9764296,2.3853037,2
-0.03529103,-0.07312134,-0.09127553,0
-0.09515007,0.022167679,-0.037072632,0
1.285949,2.4307775,2.26706,2
2.149922,2.7729492,2.1487432,2
-0.011938904,-0.01136487,-0.007888887,0
1.443247,1.5683591,2.8124936,2
2.8559396,3.0440314,2.6326728,2
1.3148935,2.376281,2.212648,2
0.03860183,0.0010293663,0.047449697,0
-0.06905578,-0.04078981,-0.07967988,0
2.3438993,2.1318889,1.9477845,2
2.2375493,2.505126,2.1518438,2
-0.041350037,-0.054195274,-0.06611428,0
0.7360045,0.9433794,0.8547259,1
1.9661995,2.7183049,1.4589247,2
2.2757118,1.6425464,2.0621061,2
-0.025821824,0.05464226,0.027830267,0
-0.080364615,0.0024735236,-0.07124239,0
0.8598794,1.2267351,1.039724,1
1.2060966,0.572292,0.8002137,1
0.8033008,1.277162,0.7019917,1
1.7239773,1.5790601,1.8127182,2
0.0017072401,-0.060684312,0.053568464,0
0.802779,1.0817938,1.0733199,1
0.06535175,-0.014209417,-0.11740733,0
0.007859875,-0.15904173,-0.047232293,0
2.4455013,2.7571542,2.9185386,2
2.2929986,2.4463344,2.107282,2
-0.055611894,-0.030648487,-0.024160197,0
1.6922345,2.8541849,2.5562725,2
-0.0031388768,0.026026046,0.08690512,0
1.2208006,1.231992,1.4180236,1
1.53079,1.6340744,1.4184899,2
-0.0610189,-0.025639981,0.04240236,0
1.0570185,1.3150537,1.4647272,1
2.4567494,2.2003593,0.96396446,2
0.87284106,0.79618526,0.86772615,1
0.056993853,-0.012684233,0.079113424,0
0.8778883,0.614173,1.0718663,1
0.08395243,0.052580584,-0.019332252,0
1.3043693,1.4310683,1.1364163,1
0.98573637,1.1073728,1.4772408,1
1.2908645,1.3609667,1.3002712,1
-0.051960904,-0.052360687,-0.014671745,0
1.9273529,1.7251984,2.5743525,2
2.536504,2.074073,1.6027949,2
-0.026071394,-0.10241092,0.041264832,0
0.019761436,0.0075311814,-0.03757254,0
-0.089406915,-0.079344995,0.015053794,0
-0.026478857,0.032777943,-0.008253067,0
0.9284403,1.288165,1.2492279,1
2.2500021,2.403808,-0.13545232,2
0.9707008,1.2850157,2.0285234,2
0.8859227,1.1522411,1.1989595,1
0.03167954,-0.088934645,-0.050081942,0
1.3658868,0.97380435,0.8368918,1
1.1963915,0.92174476,1.0235187,1
0.08878551,0.09014435,0.032016475,0
2.7360482,1.8109857,3.062297,2
-0.07309092,-0.042891935,0.034604963,0
2.6353855,2.7504182,1.7911068,2
1.1378458,2.1043422,1.8220363,2
1.2186147,2.9080815,2.5154634,2
2.1405458,1.8201239,2.583939,2
-4.9679522e-05,0.040927943,0.017754631,0
2.7479398,1.9569274,1.7946352,2
0.6611687,2.0243764,0.88281167,1
0.88981855,1.2552186,1.0584714,1
0.038189977,0.0032729406,0.12784971,0
1.0492527,0.6467247,0.6214508,1
1.5564709,0.96535224,0.79559517,1
1.3680906,2.628942,2.3481097,2
0.64414984,1.4577047,0.648808,1
0.7655165,0.9401306,1.1761243,1
1.097279,1.0976927,0.46820432,1
2.8914373,2.487664,1.2221786,2
1.1432819,1.5883873,2.6784995,2
0.9417401,1.1113162,1.1059238,1
2.7278922,1.9035639,1.5386548,2
-0.052608393,0.01747817,-0.011579266,0
2.2811704,2.2261117,3.355531,2
1.4996655,1.3354467,1.6016079,2
1.782137,1.1684419,0.9437193,1
-0.0639826,-0.06520688,0.0068223663,0
-0.050668035,-0.03519114,-0.0076550185,0
0.6902,0.75809664,0.8193543,1
1.1357055,1.307437,1.1088327,1
0.8761516,0.69091237,0.901251,1
2.0064268,2.280889,2.2734933,2
2.9251828,1.9753077,1.7278616,2
0.6254732,0.93571305,1.049099,1
-0.009511723,-0.0016842342,0.0019666783,0
1.246092,2.7991037,1.9069551,2
0.01074241,-0.05422447,0.05967932,0
1.0044069,1.2434951,1.0659018,1
-0.006370222,-0.019908981,0.032214366,0
1.0537611,1.4638709,0.71212775,1
1.5737065,1.0529261,1.8229617,1
-0.10903271,-0.023513418,-0.034701236,0
1.970149,3.0194752,1.8127209,2
0.072599426,-0.066310786,-0.03778118,0
-0.058866173,0.006244334,-0.07461894,0
1.2791386,0.9823301,1.1571052,1
0.8839792,1.4336193,0.86403346,1
-0.006911207,0.012899592,0.007773654,0
0.09321425,-0.11475523,-0.11593714,0
1.0124058,0.80480254,1.1975322,1
1.5455818,2.2954278,1.74133,2
1.9102021,1.7260737,2.0345418,2
1.0347599,1.1773005,1.0547376,1
0.9437682,1.0350801,0.91259176,1
-0.031086888,0.022787372,-0.032296892,0
0.0028218704,-0.06309832,-0.054730274,0
1.174852,0.7721675,0.81084365,1
0.013689743,0.036502846,0.06695913,0
2.3253727,1.6010243,3.0895276,2
2.9363778,2.4848137,2.514419,2
0.7138386,1.0452704,1.5806643,1
1.1652124,2.1442778,2.0665476,2
1.9777384,2.5070362,2.0361738,2
0.98144317,0.61690867,0.8898828,1
0.01003233,-0.061898544,0.031918474,0
0.97012234,0.7519023,0.44346607,1
1.9789089,1.5939147,1.8012714,2
-0.060073677,0.033147186,-0.025227966,0
2.5251844,1.791465,2.1120012,2
1.9036568,1.1372323,2.6715586,2
2.020373,2.4006808,1.4924653,2
2.6911592,2.2191303,1.3534182,2
1.4443667,0.53551036,0.77298355,1
0.9650449,1.1980642,1.6968719,1
3.3337874,2.0544555,2.339012,2
-0.011887765,-0.0017106397,0.015017629,0
0.539075,0.9150295,0.42979264,1
1.0388641,1.334716,1.1071479,1
1.7086487,2.3797793,1.7090926,2
0.018251406,-0.023319324,-0.049078435,0
0.6928017,0.7039573,0.6042407,1
1.9377208,1.6698701,3.4180322,2
2.595742,1.8123677,2.1895797,2
1.1570877,0.36630476,0.98413134,1
0.99477565,0.6299153,0.84431165,1
0.10251042,-0.06786446,0.050612442,0
2.4388242,2.003279,0.7416327,2
0.05825467,0.0047421292,0.057367504,0
0.03505286,0.00027976406,-0.0536956,0
0.844777,1.0200098,1.2170161,1
0.11478495,0.016876,-0.068067506,0
1.7047971,2.567421,1.2568471,2
-0.017013904,-0.0042281435,-0.013774949,0
1.7213067,0.7704366,0.8927719,1
1.1015162,0.83486825,1.212432,1
-0.02414497,-0.06157469,0.066365466,0
1.8245491,1.8959411,2.9648309,2
-0.023106143,0.06064035,-0.0130884,0
1.0733826,0.56891984,0.7280136,1
1.2449019,1.0329568,0.37587762,1
0.49544993,1.2328254,1.0550199,1
0.074783,-0.03206829,0.030464709,0
0.111037955,0.04241741,-0.032041736,0
3.2376745,1.9855015,2.7816615,2
0.8935999,1.3875023,0.6473656,1
0.43359327,1.1212422,1.216517,1
2.793064,1.5851171,3.9042091,2
0.47405627,1.0962256,1.0268425,1
0.010065119,0.04094648,0.021979144,0
0.61683095,0.057831597,1.0239412,1
0.0062139933,-0.024452016,-0.034105454,0
1.5131756,1.0477003,0.5531178,1
2.2186959,1.3179212,2.4318044,2
1.211541,0.69846666,1.2771233,1
0.94824874,0.8573792,1.2621706,1
1.315533,1.8976402,2.5573525,2
-0.047446508,-0.033592567,0.01580674,0
0.023611046,-0.0032866204,0.013788182,0
0.5958584,1.5614433,0.8688285,1
0.011845456,-0.01096599,-0.025153056,0
0.0119932005,-0.014333126,0.018091397,0
2.4791582,1.4969751,2.730744,2
-0.06853622,0.0045325863,0.015613228,0
0.050258692,-0.07927407,0.037525814,0
-0.048987288,0.053040005,-0.0072481027,0
0.7734413,0.7934026,1.3172245,1
1.3927273,1.0530183,1.2162101,1
0.0070178653,0.055646345,0.06550274,0
1.1994774,0.54661995,1.6209536,1
1.5099459,1.8899475,2.6438258,2
2.3299298,2.5261245,2.8732982,2
2.0071115,1.4799101,3.0555887,2
1.346566,1.0817139,0.30375794,1
-0.090966985,0.024999576,-0.005532415,0
2.073723,1.4528676,1.2808502,2
0.08264946,0.059809834,0.005121227,0
1.0298421,1.3066854,0.6451123,1
1.0057702,2.9103193,1.6266804,2
-0.043324612,0.05936206,0.0010739134,0
1.3791786,0.62548625,1.1936929,1
0.75830406,0.4955379,0.9438067,1
2.5931458,2.818724,1.0905561,2
-0.044873215,0.008125408,0.057662968,0
2.2517037,2.5625308,3.2070758,2
-0.028924221,0.0626048,-0.06034481,0
-0.029823475,0.008122703,-0.02627662,0
-0.036381725,0.0034164719,-0.09950689,0
2.2174284,2.2665102,2.099609,2
1.5650626,1.3201032,2.287591,2
0.0023368807,-0.02782711,-0.057392165,0
1.9502987,2.5635593,2.693439,2
0.0076790806,0.057689656,-0.0649127,0
0.019937338,0.0931916,0.000682609,0
2.6448653,2.680523,1.8427733,2
1.8566874,1.4286654,2.4909537,2
-0.04322324,-0.031189412,0.08294325,0
-0.028226245,0.0059724576,0.023404462,0
1.090576,0.6924649,1.0399463,1
0.94681275,1.0417743,0.75701606,1
0.05426763,-0.030603807,-0.012534177,0
-0.06407992,-0.065771416,0.094271794,0
-0.04634071,0.019150523,0.043394383,0
0.04776443,0.024115872,-0.051465612,0
1.2349986,1.5721253,1.6488996,2
0.02692258,0.010322087,0.09058777,0
2.1986263,1.5671575,1.0752807,2
0.6565645,1.1583931,1.3823589,1
0.05653874,0.14546771,0.033746105,0
0.65280825,0.6956601,1.6606834,1
1.6177467,1.6728569,2.395493,2
1.226008,0.67975116,0.98288816,1
2.7119339,1.835331,2.0314257,2
-0.06656203,0.010697066,0.018745841,0
-0.06139913,-0.011333227,0.005150455,0
-0.055420704,-0.07546609,-0.045761034,0
-0.025245227,0.047966875,0.055876184,0
2.3430388,2.1416876,1.9243721,2
-0.03367234,0.014091971,0.013169916,0
2.391992,1.475984,2.2925742,2
-0.028073715,0.04020167,0.10415113,0
1.7479073,1.9630126,1.6943004,2
0.8772607,2.515075,2.4898093,2
2.400083,2.340752,2.0883207,2
0.71529025,1.2104805,0.44677344,1
1.1812363,0.8461038,1.0447104,1
1.018503,0.9006958,1.1630096,1
0.047718685,-0.0069186576,0.046226323,0
1.2560365,2.2930253,2.6340384,2
2.0002997,2.8820167,0.74073255,2
0.84576285,0.6692492,1.5284717,1
2.4982398,1.133722,3.1853807,2
-0.031978555,-0.0004840004,0.03257561,0
-0.048749037,0.05998461,0.001424571,0
1.0700016,0.8896234,0.5494939,1
2.3623097,2.442175,1.8939478,2
0.06220606,-0.03249378,0.08887869,0
0.64615226,1.4370807,1.1582078,1
0.002568447,0.00013715745,0.06260185,0
0.060211223,0.003584967,0.047451556,0
0.49210432,0.91531056,1.0178764,1
-0.05634326,-0.057514247,-0.0022241585,0
1.206656,3.565536,2.0751512,2
-0.02190429,0.005719871,-0.026809046,0
0.062855065,0.01886015,-0.067027904,0
2.323755,1.3820095,2.8830936,2
2.0949988,2.4290202,2.256148,2
1.0174004,1.0136303,1.3358341,1
1.1520761,2.4963677,1.9053738,2
1.0716574,1.9257201,0.7687322,2
1.3258209,1.0826749,1.1382934,1
-0.03505162,-0.10551268,-0.044846635,0
1.2602941,0.8827676,0.5940708,1
0.6924937,0.34715545,0.9898999,1
2.8003576,1.6202412,2.6798863,2
1.22548,0.92619485,1.8409168,2
2.4084773,1.4754874,1.862544,2
0.9003659,0.8351039,1.075675,1
2.076555,1.5491185,1.9647802,2
-0.044986885,0.061151028,0.018049687,0
1.1932501,0.64062643,0.9128658,1
1.4154882,2.0616457,3.205918,2
-0.010561657,0.04225126,-0.012838504,0
1.3241559,1.0957458,1.6189795,1
0.12865871,0.060027827,-0.0009792002,0
1.2601506,0.940799,1.1599728,1
1.343581,0.7343537,0.5242434,1
1.1424967,2.236131,1.8874149,2
-0.025526611,0.04303654,-0.023566945,0
1.0466516,1.4183838,2.5386114,2
2.6774907,1.8325864,2.3796446,2
0.075914666,0.081025474,0.026187932,0
2.539228,3.3082368,1.7568654,2
1.2631018,2.3245454,2.5226388,2
1.801709,2.583332,2.667934,2
2.4042308,2.1050358,1.0471407,2
1.0806816,2.5452878,2.074606,2
-0.014314185,-0.023792928,-0.09157612,0
-0.009020579,-0.05253425,0.082381934,0
1.2170067,0.79114956,1.042569,1
1.0729324,1.6611527,1.3219501,1
0.0014797646,0.06471481,0.03487189,0
0.117722906,0.01584471,0.032396257,0
1.2312554,1.1998756,2.5000894,2
0.8857117,0.78168726,0.96233445,1
0.0062521864,-0.023715535,0.008018238,0
2.8144348,2.0028768,3.010655,2
2.2232406,2.2615752,1.3793612,2
2.3633275,2.1638234,2.4435363,2
2.1640358,1.3182795,1.7292234,2
1.682651,1.4790226,0.7779232,2
1.1428988,1.0387635,1.0246737,1
0.03293145,1.3891777,0.8452237,1
0.062172405,0.037978705,0.09538256,0
-0.03034921,0.05234048,0.021869104,0
2.1244106,2.5563147,2.3725326,2
-0.01409637,0.02065276,-0.031437416,0
0.8395158,0.8661,1.4631778,1
-0.05489276,0.026163502,0.04275982,0
0.0153285535,0.08988719,-0.037026126,0
0.48946607,0.975695,0.6733697,1
2.763062,1.557712,2.0581858,2
1.1694895,2.382676,2.6160758,2
-0.015793161,0.06488311,0.09346996,0
-0.06946624,0.00967958,0.024024673,0
1.092743,1.4186563,1.451582,1
0.033011716,-0.08788187,-0.042788524,0
-0.030447327,-0.023783637,0.013173193,0
1.2201729,2.3143306,2.0201638,2
0.06359678,0.051120434,-0.025536638,0
0.3694873,0.7362831,0.8550971,1
-0.06538173,0.01750577,-0.03772998,0
0.05132274,-0.0350803,0.02538093,0
1.0370797,0.74037343,0.97862786,1
2.894775,1.8660716,1.5531163,2
0.024281047,0.014676375,-0.020573756,0
1.900697,2.5025282,1.5004009,2
1.2738239,1.1325737,1.663431,1
0.61420465,0.4641233,1.1598063,1
2.745384,1.8875383,2.7707078,2
1.2047794,1.2538129,1.349161,1
2.608334,1.9878591,2.2170537,2
-0.04584165,-0.04346417,0.02794273,0
2.359275,2.4877782,1.7693483,2
1.7495627,1.9020103,2.3550253,2
0.0014843928,0.015008286,0.021088483,0
0.723912,0.81575,1.2188376,1
1.3442507,1.0187246,1.0207502,1
1.7571679,0.96165574,1.1374929,1
1.9506978,1.4249451,1.8205563,2
0.7844233,1.2944081,0.8805784,1
0.0269702,0.0465635,-0.046604574,0
1.9251792,1.420285,2.3085966,2
-0.053533845,0.037201032,-0.02693472,0
1.1764027,0.91726935,1.2009537,1
-0.0033003755,-0.032205902,0.014870599,0
2.108706,1.2310685,1.1069509,2
0.01934848,-0.015281694,0.0478985,0
2.793369,1.5878072,2.1455085,2
1.0199709,1.1515834,0.9540185,1
2.4094832,2.1908596,2.2060325,2
0.89755076,1.5314968,0.9006087,2
1.7580851,2.147864,2.3265665,2
3.376686,1.5981237,2.1536846,2
0.74103016,0.9409298,1.5659853,1
3.3823676,2.2489338,2.8464832,2
0.009215707,0.0013775564,-0.08834826,0
1.5747478,2.016744,1.0073177,2
0.03259188,-0.04413779,0.06922343,0
3.2617693,2.0598962,1.6578329,2
0.73750585,1.1479228,0.95115215,1
0.022073785,0.023075607,0.036782984,0
1.3276626,1.0820501,1.2244048,1
1.6540022,0.861435,1.0573722,2
1.702024,1.1417321,2.3172755,2
-0.07674691,-0.037284788,-0.04400253,0
-0.1023045,-0.040204804,-0.062569454,0
1.3468866,1.1037612,0.74306226,1
1.1730478,2.0106158,1.559203,2
0.024850354,0.047677126,-0.08504842,0
1.075617,1.385172,0.9977004,1
0.02728699,0.019674908,-0.08240209,0
2.3548582,2.83704,2.0659378,2
0.8538239,1.4133053,1.0459228,1
0.0025928156,0.040467534,-0.021139337,0
-0.028680937,-0.055571645,-0.03558786,0
2.1760578,1.7060975,1.8433458,2
2.2552476,2.2076404,1.283624,2
2.4457617,1.064811,2.083892,2
0.7021825,1.0948321,0.8014607,1
0.010946564,0.020962795,0.045491815,0
0.94495934,0.6091653,1.2236814,1
0.029755762,-0.0064487373,-0.12281089,0
1.2494421,0.65513426,0.5578449,1
1.2948312,0.32017797,0.77678245,1
0.016927881,-0.018229969,0.042943142,0
1.2995576,0.9426383,0.8805797,1
2.2001011,2.6641889,3.07709,2
0.7479055,0.90852827,1.1591368,1
-0.0021934095,0.016148748,0.000696582,0
0.06863485,0.031259567,0.050340306,0
1.6491034,1.1291726,2.3520753,2
0.022564827,0.019547183,-0.029934894,0
-0.0042356746,0.056566343,-0.013332626,0
1.0870682,1.1901321,1.4166662,1
0.90924203,0.7896341,0.9471756,1
0.68080485,1.4248781,1.1974809,1
-0.019089825,-0.049970157,-0.013235298,0
0.06344552,0.012553087,-0.028815916,0
1.8236717,1.3121197,2.4166183,2
0.7531678,2.3792171,1.238988,2
-0.06799889,0.04868552,-0.005839091,0
2.1157513,1.4275892,3.5297072,2
0.8547468,2.0772202,2.5500891,2
0.8991798,1.0343062,1.2510571,1
1.6478066,2.61525,2.2050698,2
0.03134982,-0.094579875,0.02489097,0
1.307875,1.4454256,2.4533622,2
-0.005305131,0.024311021,0.02616416,0
-0.010332301,0.027989026,-0.06730672,0
1.1655345,0.7762994,1.1736395,1
2.020885,1.6306211,2.768014,2
0.18473896,0.4972942,0.44338015,1
2.954077,3.0016186,2.037042,2
2.617321,1.3915838,1.4889783,2
1.9707453,1.8871182,1.199302,2
1.0494148,1.0054426,1.232426,1
3.4149723,1.1541978,0.7667356,2
1.3331757,0.7200937,0.9982482,1
0.025739366,-0.014815954,-0.05021171,0
-0.0054728733,-0.08071669,0.0622552,0
0.38732982,1.1066833,1.1593521,1
0.50981605,1.0096358,0.7636122,1
2.1582332,1.430965,1.875752,2
0.82329863,1.3755738,0.6714752,1
2.164083,0.6263027,2.1166518,2
0.006335179,0.057443514,0.018991405,0
0.072293684,-0.08336988,-0.020228248,0
1.2201681,0.8416177,0.8010167,1
1.1484324,1.1940013,0.9923863,1
0.65675086,1.5714853,1.3617388,2
0.97544825,1.0623597,1.0552711,1
-0.0071180244,-0.11231364,0.002539999,0
0.9034405,0.39356485,1.2028755,1
0.5744024,1.4651505,1.2100382,1
0.009727449,0.004252588,0.11507982,0
1.6433458,2.0155885,2.468753,2
1.6341873,2.2333295,3.340641,2
2.5228596,2.6278906,1.6532251,2
1.346109,1.0107318,1.0182225,1
0.029168028,-0.08069316,0.054989118,0
2.5178742,1.7373171,2.220284,2
1.0926627,1.1542947,1.149955,1
2.0573463,2.303089,2.3965409,2
0.044108205,-0.001297482,0.05690107,0
-0.011984252,-0.017305294,0.025739765,0
0.01299296,0.076202676,0.016526453,0
1.5191984,2.4449055,2.2867513,2
1.0043353,2.1041126,1.7435057,2
0.91774863,0.805039,0.729221,1
2.5963054,1.3565081,1.4277847,2
0.9876323,1.1161456,0.9287746,1
1.4331648,1.0006933,1.6964186,1
1.2639875,1.1516169,1.042581,1
0.711507,0.8752014,1.3177166,1
0.82197493,0.9857028,1.0450691,1
0.07255087,0.041935198,-0.024581281,0
1.9849436,2.160074,2.507246,2
-0.0662135,0.0104747275,-0.046817034,0
0.8007443,1.3530315,0.9846951,1
2.0529609,1.995401,2.282892,2
2.0507107,2.3850703,0.9940218,2
1.1801342,1.5072029,1.2651051,2
0.3622628,1.3599843,1.1518472,1
1.1803536,1.7488809,1.8977246,1
1.044204,0.8946429,1.0266541,1
2.3630831,1.5661983,2.4591885,2
1.7517337,2.0543933,2.3757665,2
0.77738696,1.0300663,0.6379894,1
2.1778996,2.7338505,3.8956037,2
-0.052051876,-0.0017285389,0.031301886,0
0.037899274,0.05034064,0.048451494,0
0.21701978,0.45527986,0.7688244,1
1.6776124,0.678973,0.5396371,1
1.0969676,1.2080828,1.0293145,1
-0.027787402,-0.0010178818,0.0541634,0
-0.04532102,0.010587911,0.02106894,0
2.3581738,2.1352644,1.9202394,2
0.0067714094,-0.08229115,-0.016577704,0
1.2336819,1.0120392,0.84492856,1
1.2977595,0.43621194,0.8479101,1
1.3185912,0.88282263,1.072765,1
1.1568751,1.2314419,0.92751056,1
-0.036594722,-0.008221374,0.06259251,0
2.0258489,1.3775862,1.0554117,2
-0.00033374532,-0.0060705654,-0.008011322,0
1.2767928,1.2928178,1.193853,1
-0.058170002,0.028523676,0.022364818,0
0.76213306,0.97997826,1.439868,1
2.2111218,2.0710216,2.0022151,2
1.3721961,0.822819,0.84625906,1
-0.08090757,-0.028356634,-0.03247629,0
2.408711,2.436689,2.7334838,2
0.72251254,1.4241811,0.84311855,1
0.95885783,1.133157,0.41100115,1
0.9754554,1.0453429,0.80808973,1
-0.02967947,0.046748847,-0.016773297,0
-0.08356479,-0.03608221,0.010918621,0
1.4781871,1.2654512,0.5215313,1
-0.017111119,-0.028116917,-0.06684566,0
1.0286233,1.4401478,1.0622083,1
-0.08145722,-0.029538142,0.00014131713,0
-0.01708078,-0.041475933,0.022211041,0
0.69169044,1.1534314,1.0917808,1
0.58389866,1.0213243,1.2176899,1
2.5326726,2.3775938,3.5036883,2
0.043323442,-0.07303337,0.016569884,0
0.15325157,0.011685559,0.02076612,0
1.870544,1.8401787,3.5725992,2
2.2304535,2.3546052,2.3314257,2
0.771262,1.1844307,1.0695288,1
2.1514559,1.5290769,1.4346448,2
1.1304034,1.6466341,2.1771533,2
1.9030952,2.1900253,1.6146328,2
1.2112733,0.7036499,1.6565354,1
-0.021026563,-0.07759476,-0.0088103525,0
0.033359133,0.034032304,0.017838484,0
0.0023711373,0.100167476,-0.022409728,0
0.028845062,-0.03164137,0.029257463,0
1.0763999,1.2666464,0.84985,1
1.7253275,1.5553707,3.085697,2
1.7937074,2.8569825,3.1663446,2
0.53041714,0.41802204,0.9603955,1
1.8447006,2.5421343,2.0767612,2
1.9664377,0.8589539,2.1218886,2
0.86831,0.7353169,1.3447192,1
0.70834786,1.084208,1.1883602,1
1.524336,1.770779,2.4623847,2
0.7882007,0.81849164,0.7944023,1
-0.03186777,-0.04401413,-0.05665718,0
2.468781,1.6918403,1.6115161,2
0.29806566,1.0827711,1.1547226,1
1.5728285,1.4157938,1.828992,2
0.9281918,1.0921801,0.8371188,1
0.18692626,1.5407951,0.77139777,2
0.8911374,0.8369348,0.80041695,1
1.0192466,1.1604993,1.3371668,1
0.5991025,2.2128263,1.7571094,2
1.1355004,0.97828585,0.76758194,1
1.2749364,1.0018849,0.6017849,1
1.9595866,2.8302028,0.7033447,2
1.6699194,2.0655231,1.2151777,2
2.3980298,2.791711,2.0448766,2
0.9132371,1.356348,0.6193807,1
2.035183,1.386346,2.427945,2
0.978112,1.8232259,1.6839154,1
-0.01784477,-0.029189127,0.03156558,0
1.8137376,1.8752298,2.0380428,2
0.6734741,1.0283923,0.4777618,1
0.0035958095,-0.029149748,0.0054831556,0
-0.04826803,0.04128598,0.021051371,0
-0.07121035,-0.03862228,-0.0606212,0
-0.00964762,0.07744476,0.020329589,0
-0.003742821,0.039212428,-0.024996959,0
-0.06757767,-0.034464683,0.11398611,0
0.014791457,-0.09284073,-0.052478336,0
0.05439954,0.0399811,0.062022258,0
0.61103,1.7193342,2.4048624,2
1.1174629,1.1776949,0.83854544,1
1.449045,0.70989144,1.2607787,1
-0.054591257,0.0032000614,-0.10209256,0
-0.08043442,-0.0035542517,0.01870216,0
2.0054445,0.9715011,2.4360182,2
0.0062340973,-0.058159996,0.014822379,0
1.5786204,1.5675483,0.87246233,2
2.82518,2.4925988,2.1756675,2
0.01239293,-0.0037116888,-0.047423724,0
-0.044098817,0.014556697,0.01020676,0
-0.063886926,0.0692048,-0.022225242,0
2.2230353,2.9463582,0.48825562,2
1.2919763,0.885554,0.8938816,1
-0.00062870164,0.0522913,0.02809416,0
0.07720965,-0.08250648,-0.009944481,0
1.4942931,2.381217,2.7470334,2
-0.074381486,-0.00022174571,0.0831121,0
2.0981612,2.2588522,2.827711,2
0.07376902,-0.021152062,0.011337752,0
1.210405,1.5985786,1.8521433,2
3.220557,2.48627,1.6998942,2
1.6837571,1.6060524,2.2064989,2
2.339408,1.0481161,2.3099208,2
3.2929163,2.6625288,2.7089477,2
1.3298936,2.782688,2.3806717,2
2.5543594,1.7310656,1.8442794,2
0.6823571,1.6736617,2.447475,2
-0.024741506,0.028447254,-0.012265852,0
0.052635975,-0.03149336,-0.018190464,0
-0.014909209,-0.05733581,-0.009809849,0
1.054989,0.96671,1.8102834,1
0.025707519,-0.045697883,-0.05639279,0
-0.059667494,-0.06393,-0.03486794,0
1.0613055,1.4675893,1.034253,1
-0.016699152,-0.029444724,0.071598485,0
0.8325054,0.46402416,1.2133473,1
0.9754103,0.80744076,1.3165518,1
2.2504537,2.3493204,2.765131,2
-0.013944717,-0.024564557,-0.073505215,0
0.5992916,0.9228106,0.78666484,1
-0.018231608,0.08428312,-0.0035552739,0
0.47543246,0.85268825,1.0988982,1
2.4496675,2.108397,2.185337,2
-0.044441715,-0.043698277,-0.05823166,0
0.8051985,1.5973823,1.0454949,1
1.1905025,0.8048758,1.2381291,1
2.5174255,1.8607142,1.7185482,2
0.59382945,0.98698354,1.4012271,1
1.8666029,1.6152828,2.1201184,2
-0.06517566,0.07518838,-0.018577088,0
2.3106008,2.5593166,1.6734338,2
-0.01336,0.023651384,0.05637178,0
0.03966601,-0.044988584,-0.006826579,0
1.0741075,1.3643606,0.8106382,1
0.83061713,1.5311493,0.927836,1
1.4054185,0.7385197,0.72482693,1
1.4194809,0.67933184,0.5942586,1
1.3429148,1.2062461,0.8840954,1
-0.02333065,-0.020046895,0.046970386,0
0.012303093,-0.0057940893,-0.02153811,0
0.61661553,0.8349082,0.31587762,1
0.8657654,1.0086744,0.69026077,1
0.90782404,0.7542911,1.4600006,1
0.6825696,1.9308344,1.1201954,2
1.7905996,2.0681832,2.0687826,2
-0.0481189,0.03622485,-0.054957777,0
0.1969181,0.7415539,0.86311257,1
0.54112285,0.2112761,1.0226163,1
0.027424207,0.041788854,-0.039719585,0
-0.011447473,0.005073501,-0.054317277,0
0.062355686,0.024064098,0.017011775,0
-0.03742399,-0.1111928,0.050449528,0
1.1182413,0.2863621,1.3199666,1
0.31433314,1.9204787,1.5567746,2
-0.024986314,-0.07004086,-0.06716858,0
1.5769298,0.9067331,1.5919011,1
-0.08477466,0.05662555,-0.06715617,0
-0.02633961,-0.012536802,-0.028021822,0
0.784072,0.70271343,0.5653668,1
0.0085549345,-0.035126306,0.054180328,0
1.9843645,2.0776918,2.066254,2
-0.031454608,-0.052948914,-0.04026128,0
1.3075316,1.7028569,2.486607,2
0.03144852,0.013504716,0.062043957,0
0.10857889,-0.031648204,-0.026124064,0
-0.04062777,0.043174688,-0.05300654,0
2.8073092,2.5300448,2.4715056,2
0.8907567,0.81527406,1.4169652,1
0.35996366,0.9415634,1.4622386,1
1.3565717,1.6722277,1.5655724,2
0.012391738,0.06625236,-0.041702002,0
1.2982067,1.0719239,0.9951082,1
1.4727448,1.2417386,2.7538042,2
0.7832958,1.2741506,0.99153805,1
2.6956763,2.0043116,2.8318295,2
1.5453821,1.1188593,1.4245998,1
1.826322,1.8655866,2.6597288,2
0.99424905,1.056097,0.94069624,1
1.0269259,0.95442706,2.4833806,2
0.43861762,0.7010512,1.5145425,1
-0.021668544,0.017579481,-0.039404385,0
1.1774045,0.7797571,0.6312922,1
0.90518457,0.9485779,1.3211639,1
0.9981012,0.88455695,1.1162361,1
1.3546035,1.3945675,3.168206,2
1.765136,2.2353969,3.2804532,2
1.0628115,1.5201778,0.6268941,1
0.8781527,1.0795655,1.0270947,1
0.706231,0.90550584,1.0071926,1
-0.011778163,0.06505307,0.04080115,0
0.004145011,-0.008901359,-0.020415314,0
1.2091582,0.5206424,1.2185303,1
1.6469916,1.1185211,1.085254,1
2.8336728,2.3675723,2.291904,2
2.4701529,2.1685495,2.9634519,2
1.1255108,1.2847446,0.9682999,1
1.6498374,2.5304737,1.7150189,2
1.0630969,1.1824367,0.4748882,1
3.5019867,2.2677045,1.9434054,2
0.023398101,0.08958368,-0.01878304,0
0.9250456,0.69456404,1.5147021,1
1.4735589,1.8580054,2.2861934,2
0.018096244,-0.0005884666,0.014431114,0
3.0155942,1.2104652,1.8678988,2
-0.0045730276,0.0071535963,-0.03261246,0
-0.021608435,0.027586214,-0.032230355,0
0.83386517,1.7283223,1.2610267,1
1.3747722,1.6766022,2.41062,2
-0.07308564,-0.029562626,-0.09673506,0
0.014134845,0.060608383,0.052972294,0
1.3663447,1.1395257,1.3836789,1
1.298497,0.91498286,1.1934148,1
2.0062296,2.0699255,2.160656,2
2.0722299,2.7594383,1.7916646,2
1.5464306,2.1690257,2.8547027,2
1.1245992,0.75754803,0.4163236,1
2.3094559,1.6434672,2.3662024,2
1.1619043,1.0671533,1.2166452,1
1.3860793,1.013371,2.0235598,2
2.3332431,3.0290055,1.9424907,2
0.78381276,2.7441344,0.5346284,2
0.9455226,0.6000044,0.93778306,1
0.008248872,-0.04680103,0.0029456192,0
-0.046961047,0.05765108,-0.032010872,0
0.053046566,-0.045425847,0.038508404,0
0.5835501,0.658833,0.7897387,1
3.5242002,2.0930142,2.8732681,2
1.9204934,2.8455715,1.8076661,2
2.2420435,1.397478,1.6018585,2
-0.021805417,0.0054428843,-0.09001364,0
1.4965904,1.6531478,2.112287,2
0.749445,0.6863062,1.1897813,1
1.3475478,2.5421295,1.9033356,2
0.8566191,1.4087713,1.0300646,1
2.3725371,1.853955,3.0141935,2
0.43898112,1.5658927,1.0408152,1
1.00809,1.5543141,0.87322533,1
2.0480015,2.8983133,1.6973836,2
1.6415201,1.6723771,2.8628643,2
1.2659192,2.0306823,1.7603593,2
2.822919,0.69061106,2.4427822,2
2.6778002,2.162157,1.1779795,2
0.005985667,0.015431892,0.052101355,0
-0.030566664,0.1025162,0.07199257,0
1.0441473,1.2499632,1.272211,1
0.751751,3.1096816,1.6547334,2
0.7228453,1.2161528,0.9896545,1
-0.019598894,-0.036115766,-0.10643349,0
0.6803988,0.9044257,1.2935953,1
1.3848791,2.6626217,0.9351923,2
-0.039617475,-0.021222679,-0.047751,0
-0.01529221,-0.032795615,-0.03359357,0
2.4052958,2.0380778,2.5532846,2
0.51012987,1.1569092,1.381602,1
2.9630923,1.8281571,1.488607,2
0.69496214,1.3046513,0.83789575,1
1.8664382,2.1040952,2.1241891,2
1.1683315,1.7521294,1.5743427,2
-0.0422948,-0.027128104,0.0051933127,0
1.7571551,1.6606933,1.9121164,2
2.0458777,2.176225,1.4011103,2
0.8778636,1.1290259,1.0035008,1
1.0573689,1.1510266,1.6437645,1
0.08924672,0.065963574,-0.044325992,0
0.028213277,0.03049067,0.012461126,0
0.8921637,0.24039437,1.0240269,1
0.8917651,0.8163513,0.5644186,1
2.820052,1.8519049,1.6035986,2
1.51857,1.5602882,2.1564636,2
1.2207198,1.962477,1.6042788,1
2.6643183,1.5285143,1.6040473,2
2.2601762,1.896816,2.3109152,2
-0.011925226,0.013677206,-0.020942973,0
0.91319466,0.92044413,1.1185757,1
1.9824888,2.3431654,1.1793015,2
0.015289658,0.03375409,-0.014359277,0
0.6998853,0.55192846,0.896103,1
1.0249897,0.7755058,1.4759141,1
0.056694858,0.004919623,-0.0018093805,0
0.0030292894,-0.03979814,0.023122527,0
1.177603,2.8298266,1.3714045,2
2.2014973,2.593309,2.0059977,2
1.4552028,1.4306425,1.4290785,1
0.0483773,-0.0479874,-0.033116996,0
-0.048443202,-0.025740901,-0.028742013,0
1.9286828,0.97213036,2.0980957,2
1.2331853,1.319579,0.98432964,1
-0.0115653435,-0.10239735,0.036541916,0
1.0263184,2.38302,1.8932469,2
0.20507997,1.2068317,0.5988394,1
0.7573785,1.4002194,0.21995413,1
-0.07861839,-0.072763674,-0.08266561,0
2.2904704,1.5557356,2.193422,2
-0.021986157,0.005219332,-0.03818103,0
1.2865522,1.1591438,1.3239795,1
1.1410698,1.0349116,1.0359462,1
1.2809683,1.2618747,0.57048726,1
-0.024264552,-0.03191957,-0.016969651,0
1.0564791,0.8290129,0.5028322,1
2.5674603,2.8034492,2.1038852,2
1.4723899,0.75228554,0.82629305,1
0.012610429,0.037129723,0.071944244,0
0.4095256,0.91179097,0.96597534,1
1.3305616,2.1011465,2.9494503,2
1.4427588,2.501823,2.6941142,2
0.7390639,0.65797937,0.7778567,1
1.7692566,1.6274364,2.9269407,2
0.57194614,0.70779467,0.7502666,1
0.04103392,-0.084474124,-0.04016004,0
1.1832783,0.7985436,1.4254616,1
-0.08734539,-0.05840315,-0.042414438,0
0.009052949,-0.03143547,-0.025081934,0
1.0687308,1.6465228,1.4899791,2
2.3242533,2.0617702,2.0622382,2
-0.028264327,-0.02841357,-0.03394331,0
1.6625494,0.7923297,0.7576608,1
1.0673845,1.106906,0.6575811,1
2.8541934,1.6485529,2.1682475,2
1.328719,1.1093752,1.435241,1
1.4280728,0.8278959,0.94616675,1
-0.02231535,-0.037339866,-0.053279404,0
-0.051324666,0.040531967,0.012375101,0
-0.028632596,-0.08392993,0.07790215,0
0.88058376,1.9060177,0.8800499,2
1.1993059,0.85311484,1.2976813,1
1.4734153,1.6707057,0.80281603,1
0.023095155,0.044411622,0.020104898,0
-0.04230139,0.017350772,0.035444546,0
0.73072207,1.6786999,1.4329987,2
0.81487,1.2328925,1.2604113,1
0.0021872527,-0.018143198,-0.003265834,0
-0.038496137,0.088564165,-0.013527238,0
1.4840536,1.1834636,1.2972656,1
1.7828816,1.5646003,1.6872904,2
-0.045773268,0.0044512423,0.055315174,0
0.8724199,0.80636996,1.031941,1
0.8667014,0.82156205,1.2207751,1
1.7161428,1.7989069,2.127844,2
1.1169028,1.0261796,2.8841593,2
0.40957025,0.85669494,1.692018,1
-0.070239335,0.10851864,0.026391473,0
2.3183439,1.9187341,1.8581668,2
0.7710836,0.8264342,1.2034214,1
0.072278485,0.04713246,-0.014478952,0
0.79130876,0.93964285,2.7397003,2
0.954563,0.89691794,1.3191415,1
2.1556568,1.7199278,2.4305015,2
2.0257974,2.2378516,1.4267796,2
2.6412616,1.135499,2.4876163,2
0.5071573,1.9516464,2.8171225,2
2.3786066,1.9830813,2.1218164,2
0.95116705,0.69142884,1.4998301,1
2.5828855,2.685372,2.456365,2
-0.09686338,0.05462359,0.040903036,0
1.6927443,2.2952428,2.9640157,2
0.7886933,1.042903,0.99245113,1
0.006781748,-0.022257658,0.014596434,0
1.1692011,0.78488535,0.8529605,1
2.0624654,2.6353002,3.1543312,2
2.9752538,2.3053095,1.4612621,2
0.011707169,-0.030561479,0.030232294,0
-0.064582475,-0.053196393,-0.020013312,0
1.0166441,3.0245242,2.2719378,2
1.2640457,0.98334724,0.9531933,1
1.9220111,1.7104986,2.756617,2
-0.044092413,-0.02006139,-0.01367449,0
0.89642817,1.2912618,0.7458568,1
1.0229253,1.1068944,0.8884463,1
2.4627905,3.6259797,1.4496772,2
1.2992173,1.4023857,1.2587167,1
-0.08054668,-0.036483392,-0.10351167,0
1.8573364,1.2172763,1.6126198,2
0.03350399,0.049988937,-0.04596091,0
0.00824922,-0.040986437,-0.014632761,0
0.018314922,0.00030175317,-0.020630784,0
-0.01812668,-0.0028430591,-0.064624734,0
0.04454225,0.023142172,0.015157325,0
0.027154354,-0.02287899,0.06912827,0
-0.06257606,0.082383096,-0.01890513,0
0.051715333,-0.0143524045,-0.00707885,0
-0.011506528,-0.054027427,0.024848945,0
0.046762314,0.10092396,-0.12638138,0
0.87302166,0.96626556,0.9478128,1
0.011434414,-0.046634004,0.02605159,0
-0.08467806,0.02282558,0.0063708536,0
2.2370543,2.273575,1.6146525,2
0.8886656,0.74210215,0.9917021,1
0.83272505,0.82164514,0.92505753,1
2.6342702,0.89754546,2.3529677,2
1.1631863,1.0421791,1.068696,1
2.2020147,1.8755546,0.7545006,2
1.3017066,0.9925915,1.3058668,1
1.457539,1.0032656,1.0109246,1
1.7425139,1.0002955,1.2479397,1
1.2425047,1.0166866,0.7854132,1
0.9366576,0.39042896,1.4528755,1
0.81735116,0.5612876,1.3255798,1
0.45139354,0.78211826,1.0903016,1
0.034659054,0.049710993,-0.036511075,0
1.9090648,0.8576563,1.644283,2
1.9768151,2.2082171,2.7616224,2
2.0820978,2.6478186,2.1601613,2
2.5949204,1.3607147,1.6622945,2
-0.017816318,-0.016773073,-0.0010710299,0
1.166454,0.92117625,0.9822198,1
-0.030632852,0.0448512,-0.045988604,0
0.8967287,0.9059482,0.8872206,1
2.1233678,2.5286992,1.495502,2
2.0405233,2.002981,0.91560346,2
-0.08649249,-0.097640194,-0.06430883,0
0.6276837,2.4282446,1.7762594,2
1.3095506,2.0086641,1.1393617,2
0.9713244,0.80380034,0.72185075,1
1.1497471,0.5556686,0.744165,1
1.3348714,1.8238926,1.410997,2
0.77657527,0.76531565,0.98604834,1
2.3592193,1.6524416,1.999352,2
-0.11120889,-0.07979948,0.030619351,0
1.1920464,1.298971,0.92003226,1
2.2097917,1.3357836,1.4569185,2
0.8734397,1.1920058,1.1023155,1
0.07244843,0.015837777,0.05845189,0
-0.035852544,0.02619927,-0.040576797,0
1.3558768,0.7923002,0.8428453,1
-0.017693836,-0.007820249,-0.14415729,0
1.341588,1.8605907,2.5049381,2
0.7237793,1.0085522,0.96644217,1
1.0590442,0.7393424,1.241709,1
3.3006206,2.58724,2.4846168,2
2.5872273,1.3956531,1.8650473,2
1.1643534,0.85878474,0.42008024,1
1.2398511,1.1726544,1.2716994,1
-0.011519083,0.01011307,0.1147237,0
2.0962796,2.1635942,1.5316473,2
-0.016597856,0.06796293,0.024342142,0
-0.04294095,-0.010464441,-0.035041124,0
1.2625004,1.6548207,2.1455965,2
1.1293263,0.7336877,0.74827385,1
1.055112,1.2158573,0.9018302,1
1.5025564,1.2918205,0.6725821,1
-0.022701724,0.032211557,0.09519924,0
-0.08490072,-0.0694868,0.034294635,0
-0.054198805,0.04394071,-0.043066602,0
0.34606117,0.9798822,1.0093764,1
0.8900607,0.780399,1.4837611,1
1.7803577,2.6087074,2.5814621,2
0.08416325,-0.01620668,-0.063580066,0
1.684025,1.8708812,3.1712694,2
0.036052585,0.022896148,0.023132857,0
1.1581314,0.5542392,0.8200455,1
0.70781237,1.497474,1.1093168,1
0.014022907,0.003686021,0.026002703,0
0.04258623,-0.03383983,0.10576337,0
1.2537479,0.7714162,0.89925104,1
0.073940106,0.031069672,-0.06698443,0
0.010820554,0.04281684,0.08467625,0
0.8215949,0.9101292,1.1156343,1
1.9398332,2.0869753,1.4918101,2
-0.030558517,0.0038221057,0.065406404,0
-0.03183572,-0.022560809,-0.026302777,0
1.44467,1.4711901,0.96511394,1
1.1241605,1.2146577,2.475443,2
1.6058397,2.500389,2.1388836,2
0.02940351,0.12839608,0.03320756,0
-0.013577641,0.01847414,0.05775154,0
1.3766055,0.9312587,1.0818357,1
0.46594316,1.074339,0.9366225,1
1.2814682,1.4359012,1.7492281,1
2.251007,1.784824,1.0139635,2
-0.08939778,0.013871138,-0.04760381,0
0.6831983,0.98138714,0.8493122,1
0.028342025,0.03823722,0.008934512,0
1.5991088,1.809656,2.019082,2
1.7647293,1.2774073,1.9741191,2
0.85613734,1.5605453,1.2213415,1
0.08159802,0.069918424,0.0049619963,0
-0.017937766,0.029099451,-0.07690228,0
1.2995042,0.4879671,1.2177863,1
2.1164434,2.7388082,1.9520456,2
0.91597193,1.4210693,1.3561176,1
-0.017249737,0.032934055,-0.049473066,0
-0.026601078,0.0013633327,0.047059104,0
-0.01332538,-0.064802706,0.06657631,0
1.2311194,0.88599586,0.92848223,1
2.6144736,2.766056,2.2607095,2
3.2430081,2.5832655,2.8120625,2
0.008049643,-0.063281484,-0.074619375,0
2.4666317,1.7843375,2.0852454,2
0.60175216,0.26117924,1.5049367,1
1.1796268,1.6413122,1.2076796,1
2.8054516,1.2860839,2.9791234,2
1.1513329,1.3085777,0.7487108,1
-0.009919077,-0.017329048,0.06783465,0
1.4982934,1.200633,1.7885255,2
1.0135502,0.6923233,2.0929828,2
1.9656215,2.5838532,2.2123547,2
2.1594825,2.948209,2.2788692,2
-0.032542948,-0.050877057,-0.09152433,0
1.802468,2.0301645,1.5786759,2
-0.018138412,-0.01029385,0.026439833,0
1.7020519,2.3101995,1.6079202,2
0.8296789,1.2675681,0.8074873,1
0.07332493,-0.05220463,-0.03245528,0
1.0179954,1.4852451,2.837981,2
1.741281,2.632435,3.462386,2
0.88944966,2.0828118,1.3689252,2
0.71541214,0.7527494,0.84163827,1
-0.05803755,0.020969803,0.04923579,0
0.9712998,1.1058092,1.4308302,1
1.3109834,2.217344,1.7198588,2
1.9437402,2.401473,2.1789181,2
1.7897,2.658773,2.3336432,2
0.023372581,-0.054715328,0.034656677,0
2.1667972,2.0577579,2.4008083,2
1.3403736,0.9196179,1.8332183,1
0.041743707,0.07110507,-0.018919714,0
0.7553713,1.1247704,0.61499894,1
1.4058092,1.8426636,1.9604405,2
0.028794969,0.002197548,0.041602887,0
1.143729,0.7872123,-0.06620081,1
2.2657454,1.9737723,2.4888742,2
1.3232547,3.351834,1.9138774,2
1.3806503,0.5766342,1.0651219,1
-0.01687195,0.025055474,0.028209073,0
1.1613946,1.20537,1.1865562,1
0.040411357,-0.003535246,0.04457895,0
0.9367441,0.7026375,1.2287985,1
-0.07280823,-0.0037954764,-0.018091135,0
0.018035524,0.012916297,-0.02244717,0
-0.05537437,-0.04623592,0.017553994,0
1.4503568,1.0613987,1.1462128,1
1.0373396,0.95195943,1.7632517,1
1.0110956,1.155061,1.3559866,1
-0.034561545,0.050076738,0.007320833,0
0.04273759,0.0132351015,-0.034535382,0
2.3354583,2.6156087,1.3696367,2
1.6138381,2.8127632,2.0764687,2
0.7533497,0.9449082,1.0166359,1
1.6616403,2.1727996,2.1512158,2
1.6852562,2.604261,1.9737575,2
2.4650497,2.7996302,2.234377,2
-0.0014084368,-0.045032773,-0.021577729,0
1.4234139,0.92127794,1.3074567,1
1.2282683,0.7001654,0.475891,1
0.018635511,-0.068810895,-0.036281284,0
1.1086828,0.6443411,1.4706875,1
1.2483263,0.49871197,0.7216196,1
2.870187,1.4696662,1.4917231,2
2.7351205,0.6179766,1.9960735,2
0.6098763,0.75541943,1.2259216,1
2.415328,2.1565435,2.3143141,2
0.99446106,1.1297101,0.74697626,1
1.4875399,1.0449375,1.0841969,1
1.0754639,1.4661193,1.5085285,1
1.0486627,0.9607835,1.4519374,1
2.382415,2.5759435,1.5635079,2
2.7621148,2.1058302,2.2757146,2
3.1308289,2.747506,2.0647278,2
0.1043754,-0.015545887,0.0658997,0
1.8850799,2.4619231,2.1096354,2
2.1499023,1.7469244,2.2321196,2
0.0017559885,-0.030520381,-0.00827942,0
1.4162182,1.7879984,2.658175,2
1.4516712,1.1282263,0.8185515,1
1.2177761,1.8830341,1.2805686,1
0.020223653,-0.060487702,0.018854693,0
1.3479537,1.1821495,0.7109702,1
1.4946429,1.1831789,1.1527878,1
-0.049694266,0.017445534,0.021247374,0
-0.0010408929,0.02056956,-0.011914617,0
1.623668,1.8045015,2.8743904,2
2.2912874,1.8019956,1.6872824,2
2.328448,2.2367814,2.7876837,2
0.045093182,0.10619454,0.015021844,0
1.0961385,1.1196637,0.87940055,1
2.046094,1.8827901,2.4218674,2
0.94436044,1.0291977,0.89586556,1
0.04123077,0.06309028,0.043411072,0
0.030892542,-0.03401008,-0.020139849,0
1.6548666,2.72275,1.7106584,2
0.007014212,-0.103823185,-0.0714443,0
2.5299442,3.1684594,2.1260223,2
0.055733543,-0.05180409,-0.05477534,0
2.2106564,2.034075,1.693086,2
-0.037265506,-0.015946224,0.06267208,0
0.10468926,-0.066501044,0.00042960895,0
2.08572,2.8861763,1.6304212,2
0.019001186,0.008587457,0.07045384,0
2.3337166,2.4632633,2.7946637,2
1.2968662,1.1738185,0.84537905,1
0.022739885,-0.025460968,0.011435109,0
1.6169403,2.0036826,2.5750158,2
-0.037776403,0.0124870585,0.03871733,0
0.006551958,0.036439344,0.07101529,0
0.8725567,1.0404912,1.1052995,1
2.1531038,2.1715736,2.1162453,2
0.267678,1.0250591,0.6531905,1
2.2178895,1.0487641,1.8422687,2
0.87746197,0.38592356,0.49547556,1
0.70710987,0.9400347,0.95366573,1
-0.007998401,-0.08156834,0.016806405,0
0.99392676,0.8918154,0.6919121,1
0.9938815,0.85779583,1.1683788,1
0.026935942,0.02217631,-0.072571926,0
0.9660589,0.8382796,1.1720811,1
0.077688254,-0.087115705,0.007852632,0
-0.016186997,0.039003924,0.01949118,0
2.3386388,2.0590546,0.9066769,2
-0.021537242,0.03860945,0.012901344,0
1.03891,1.7602215,1.9976118,2
2.1032598,2.1046808,1.3128649,2
0.5228424,1.1469109,0.427465,1
3.4645596,2.6904714,1.8274211,2
0.65752673,0.85168016,1.597373,1
0.8270414,1.021125,1.1987238,1
1.1297736,0.69445175,1.1431369,1
2.6444557,2.359696,2.0637336,2
1.1927822,1.0709394,1.2137017,1
0.042662546,0.006728201,0.08507003,0
0.5888737,1.1045994,0.6379376,1
3.0438743,2.3141525,3.06978,2
1.3524188,0.81170547,1.099611,1
2.1930227,1.8101146,1.154882,2
2.8742414,1.5456117,1.9806004,2
0.9404988,0.8947771,0.7846889,1
1.1738411,1.1286647,0.61195236,1
-0.09508489,0.030628974,-0.002458014,0
0.84529585,1.2144059,1.2200637,1
1.3157312,1.4762127,3.0722134,2
1.3072896,2.8283994,2.8799152,2
1.0189587,2.2248309,0.80838555,1
2.2213833,1.7340722,1.3353883,2
0.05151415,0.06822637,-0.053788897,0
-0.01676649,0.025264252,0.019215358,0
1.4530913,1.6968752,1.6980048,2
-0.032013703,-0.023346752,-0.024804138,0
0.62372065,1.5478114,1.0118129,1
0.812572,0.9497379,1.0761104,1
3.1101475,1.481446,2.805719,2
2.3418438,2.358459,0.9300085,2
1.2659409,1.1292775,1.2708504,1
1.1337833,1.5018214,1.3823352,1
1.204262,1.2035643,1.0846356,1
2.8656144,3.1751595,2.46563,2
1.9091786,3.111042,1.5677568,2
-0.0051477295,0.054233063,0.06891569,0
1.0054867,1.2881279,0.79368514,1
0.078810625,0.027122261,-0.027721107,0
1.7461933,0.84702563,1.7204251,2
1.5178113,2.1826181,2.2840102,2
0.93269587,0.7655761,1.0844971,1
1.105273,0.8421321,0.28500682,1
1.8179326,1.4169662,0.70860475,2
1.2204405,0.82525295,1.0380021,1
1.7453933,1.7365112,2.5575933,2
1.9886489,1.9677858,2.2637067,2
0.40855855,0.6970208,0.8294148,1
0.03324206,0.084959656,0.114409775,0
1.1067162,0.33560094,0.48129275,1
2.2718508,2.1086564,2.7761817,2
1.5713807,1.8621801,0.96182144,2
0.5723887,0.61470944,1.0247302,1
0.78934634,0.4373645,1.4204344,1
-5.8849078e-06,-0.055096414,0.10915373,0
2.254628,1.8594675,2.2109914,2
2.0262082,2.0484533,2.132447,2
0.03468537,0.07038338,0.005861393,0
-0.08015856,0.07412455,0.011772887,0
2.4546587,1.5998576,2.01369,2
0.007943543,0.023274068,0.020235993,0
0.7736562,0.64954996,0.616609,1
1.1778961,0.992959,0.85501665,1
0.8642599,0.78267765,0.74733496,1
0.04976195,0.04257152,-0.07329199,0
-0.024584636,-0.013085305,-0.042109676,0
1.3221419,1.9266369,2.2339003,2
2.7181046,1.6885707,2.086704,2
0.0019239128,0.0077129416,-0.026607385,0
0.117101714,-0.06462433,0.11952153,0
-0.010293944,0.05766623,0.0075014615,0
-0.0574188,-0.020221598,-0.022461303,0
-0.11737067,0.03775901,-0.03965936,0
1.3510734,2.0192678,2.819278,2
1.3754587,2.271499,1.775601,2
1.0936141,0.674211,1.1630206,1
2.4556968,2.5301938,1.6311971,2
1.034984,1.379855,1.2578899,1
1.1483327,1.0889689,2.9157877,2
0.005980162,0.012726651,0.061430305,0
0.034285594,0.016125102,0.091957055,0
0.7159658,1.5383546,1.2632815,1
0.024640549,-0.0537313,-0.04803834,0
1.4013609,2.0218642,2.9040604,2
1.0390967,0.88215274,0.65622383,1
-0.05199987,-0.018509097,-0.021813134,0
0.038957085,-0.041527744,-0.017484574,0
0.6180264,1.2831582,0.8784976,1
0.025501894,-0.10181039,-0.033059705,0
-0.1036338,0.049897674,-0.055436544,0
0.8686846,0.9438389,1.1929188,1
-0.020988598,-0.011761365,0.037262633,0
-0.027361218,0.028507905,-0.010667092,0
0.6783084,0.5464354,1.308007,1
0.057643276,-0.10814114,-0.04865412,0
-0.06978289,-0.04187069,-0.027295584,0
0.55172604,1.1783209,1.155724,1
0.005279372,-0.016847316,0.00097135385,0
2.7322638,1.9346037,2.6026554,2
0.8014416,0.76951665,0.79142714,1
1.574306,2.7150903,2.284062,2
1.0078132,1.2668638,1.1018162,1
1.3020728,1.2157936,0.39070046,1
0.31551716,2.8608584,1.9810909,2
1.1607747,1.5817367,3.2130003,2
2.3642955,1.1482682,1.7693211,2
0.95041996,0.9158535,0.85336816,1
2.29288,2.9191108,1.8179147,2
0.8767916,1.1466498,1.2693934,1
1.3576266,1.524377,1.0930556,1
0.848259,1.2413362,0.67665434,1
0.96706724,1.083781,1.1696322,1
0.05330721,0.058794126,-0.035170883,0
1.8383176,2.1185083,1.7084297,2
0.8297857,1.2237824,1.2336748,1
0.00109332,-0.03255832,0.025587482,0
1.9164672,1.1005177,1.36053,2
0.6471028,1.3800184,0.7301922,1
1.701875,1.6476383,0.8485748,2
-0.038393572,0.018873278,-0.013353867,0
0.05407603,-0.0051764348,-0.0040027536,0
2.0692573,2.8287077,1.9854281,2
1.9643979,2.0581188,2.526575,2
0.92592835,1.4427115,2.1723237,2
-0.01466777,-0.051763,-0.0040695677,0
-0.074421614,-0.10635367,-0.03519989,0
2.3480203,1.7988516,1.827209,2
1.0068096,0.5615092,0.4805202,1
2.560656,1.3732631,2.20438,2
1.0341526,1.3996794,0.76009136,1
1.8149486,1.7014922,1.3674041,2
2.0333564,2.584839,0.80319154,2
1.202238,2.4696777,2.2855327,2
0.037291687,0.070256256,-0.026572594,0
1.7514613,0.8994316,0.7082097,1
2.459075,1.4459136,2.7607229,2
2.4935527,2.2236605,2.8485024,2
1.1078702,1.2668086,2.2735593,2
1.3372724,0.49326673,0.84938985,1
-0.028353656,0.044846926,-0.079323284,0
1.1829323,0.72933704,0.78156614,1
0.50963354,1.2999401,0.72390026,1
1.4350262,1.7200837,0.7730614,1
0.012208249,-0.06748107,-0.022061173,0
0.3578894,1.1633677,1.2526197,1
1.5253316,2.610743,1.4307114,2
0.04829406,0.023160469,0.039771765,0
1.7175101,2.3357973,2.2087858,2
0.05108545,-0.019117933,0.043206766,0
0.030763566,0.0024204555,0.007205916,0
0.086232826,-0.06419768,0.018697232,0
-2.3523862e-05,0.003084848,0.03089542,0
-0.04011461,0.061472725,-0.039805163,0
-0.0003371178,0.057295874,0.02091619,0
0.07197827,-0.019993924,0.02865784,0
2.2248538,1.6037579,1.9567629,2
1.2839042,1.2577218,0.9618859,1
2.1586018,1.4549303,1.5884513,2
-0.02758023,-0.063601695,-0.037700765,0
2.1691492,1.7056711,1.7040033,2
0.9961737,1.0413846,0.91668904,1
0.7828647,0.8411411,1.1841824,1
-0.0035593507,-0.007341385,-0.06458908,0
0.020374348,8.547133e-05,-0.002717477,0
-0.061473884,-0.04616493,-0.023234006,0
1.1781572,0.80537564,0.9251168,1
1.3860146,1.1934243,0.7809954,1
1.1052635,3.0185993,2.5978749,2
0.35419476,1.6983618,1.4346448,1
0.86761534,1.0185763,0.9559343,1
0.94756037,0.5497039,1.5834947,1
0.8151012,1.571379,0.93501854,1
-0.06129945,0.08696182,-0.06967658,0
1.1154604,0.81093633,0.40634742,1
3.2739856,2.2847323,1.7831863,2
0.031802107,-0.094193816,0.010595351,0
1.4096247,1.2546567,1.1644294,1
1.3389648,1.7887963,1.2098938,2
-0.007600886,0.022911085,-0.11079342,0
2.4551277,2.2224877,2.0537562,2
0.021272134,0.030477516,0.014527965,0
0.008819374,0.024731414,-0.11988633,0
-0.01348409,-0.07142053,-0.04415167,0
1.2762947,1.4630582,1.0164094,1
-0.010333687,-0.076354966,0.049267713,0
0.9172806,1.0426148,1.2069603,1
0.007289389,-0.04689734,0.029709041,0
0.02014322,0.025151221,-0.06200036,0
0.77072877,0.98061466,0.84210557,1
1.08554,1.2628715,1.0999973,1
1.5322496,2.030438,2.4069223,2
-0.026936028,0.025327517,0.0063972594,0
0.9239605,2.821146,1.568806,2
0.96860707,1.2082711,2.045618,2
0.041356906,-0.030786641,-0.0047241147,0
1.9518021,2.1934972,2.720312,2
-0.024196578,-0.0306374,-0.041415825,0
0.94395626,0.7343958,1.6919906,1
1.9701909,2.3789852,1.8391522,2
0.013870768,0.014788519,-0.015520107,0
0.638699,1.2634214,1.1986182,1
2.2556117,3.0434566,2.3022587,2
1.3884833,1.754768,1.8385484,2
0.00024696652,-0.011666664,0.0053439727,0
0.07588894,-0.002871421,-0.032886967,0
2.6025753,2.8958402,1.9022963,2
1.8054383,2.5244017,2.6570923,2
0.12021623,0.01518899,-0.0692625,0
-0.062523626,0.016549828,-0.05408747,0
1.2795764,1.4774691,1.2586492,1
2.3451273,1.4216192,2.2825058,2
0.0010439066,-0.050560396,-0.04597076,0
-0.023142617,0.042217504,-0.064206965,0
1.3039356,0.44013453,0.38628098,1
2.0681906,1.1347904,1.8788345,2
0.11171862,0.082033634,-0.009397412,0
1.2188544,0.7089064,0.8184006,1
1.948299,0.8827724,2.4624667,2
1.0613167,0.67269516,0.57569253,1
2.5166748,1.865179,1.958357,2
1.3101434,2.7195177,2.348235,2
0.006194861,0.027482478,0.0037024391,0
1.7991732,1.647798,2.603311,2
0.009522728,-0.015250279,-0.02065544,0
1.2365053,1.483335,1.8140275,2
2.5568328,2.2835164,1.871578,2
0.6155074,1.253607,1.2521789,1
-0.019760795,0.003473196,0.038771287,0
-0.0061548473,-0.015120321,0.014144162,0
0.0021356596,-0.04220774,0.018529471,0
2.5012746,1.5708873,2.9774663,2
1.1990854,0.47008732,0.97406715,1
-0.10866665,0.093882054,-0.034215998,0
-0.036185443,-0.11316699,0.01014382,0
2.1559346,2.1588385,1.2903849,2
0.055726245,-0.01112428,0.026667077,0
-0.02302954,-0.08667663,0.078226805,0
-0.013879346,-0.029171271,-0.017787583,0
2.3278131,2.8670704,1.3343118,2
1.405963,1.0988146,0.691274,1
2.3805685,1.319599,2.0773158,2
0.48072788,1.351433,2.5076535,2
2.0594292,2.1005964,1.2536042,2
3.1165626,1.8158271,0.6286727,2
1.9859468,2.3272376,1.7808225,2
-0.020451361,-0.044306565,-0.010381134,0
1.2878252,0.5627261,0.8780197,1
-0.021324052,0.08250618,-0.046881292,0
2.4809568,2.3823133,2.304707,2
1.2162755,2.894553,2.1500912,2
2.0184293,1.3160414,2.2151604,2
0.9444177,1.0329485,1.3834572,1
0.8216957,1.3648479,1.149529,1
-0.06216186,0.044562444,-0.06373946,0
1.7871227,1.0904593,2.2902982,2
1.6435393,1.0026889,1.4152734,1
1.3662885,0.89675474,0.7737846,1
1.7445738,0.6464757,1.4274547,1
1.741456,1.7285383,2.5017824,2
-0.055594023,0.038170826,-0.09499169,0
6.77936e-05,0.029222153,-0.009041807,0
0.060067754,0.01888094,0.07700076,0
-0.0061679278,-0.04357286,-0.013712379,0
1.5522541,1.771745,1.4654398,2
2.030275,2.2366815,0.9246266,2
1.8867508,1.2259562,0.76102763,1
1.7402899,1.1784487,2.3474202,2
-0.042615,-0.067637466,0.022738239,0
1.4004111,1.0144061,0.9793731,1
-0.029075632,0.094749816,0.0526513,0
-0.001452564,0.04688012,0.004412835,0
2.5318406,1.4256516,2.076368,2
3.0228722,2.2788184,1.372766,2
1.1929162,0.84111756,0.8550415,1
0.04214749,-0.025136024,0.0060411403,0
2.2486713,1.2984805,1.4444023,2
-0.0857188,-0.014475803,-0.028765341,0
0.8847088,0.8293172,1.1116962,1
1.8436536,1.8102543,1.3546064,2
2.552688,1.8148905,2.0782404,2
1.7341285,0.6848714,1.2662083,2
0.5922105,2.7006104,2.5336187,2
0.019344369,-0.084250055,0.05979738,0
0.99049914,0.6997489,1.0131475,1
1.0777322,0.7597603,0.56701934,1
0.0026053968,0.07330286,-0.0004334323,0
0.094062895,-0.012143535,-0.009599382,0
1.6443195,0.61117566,0.6337545,1
0.003762992,0.06397437,-0.06355956,0
1.3410591,0.6327779,1.5279934,1
0.015394495,-0.015200191,0.06559052,0
2.847288,1.4231993,1.2599216,2
1.2831817,2.0584192,2.0901628,2
0.88730466,1.3116852,0.6980337,1
1.1053259,1.1772468,1.1304549,1
0.050141286,0.031857014,-0.04232703,0
-0.02087127,-0.036545876,-0.04082566,0
-0.008959163,0.08117136,-0.024657847,0
0.09380368,-0.013163782,-0.024819208,0
0.873953,1.5916469,1.8372022,2
0.91243654,0.6330299,1.2978499,1
1.0641047,0.79048365,0.818937,1
1.6410587,0.774998,1.2365361,1
-0.08098696,-0.013227918,-0.060955312,0
-0.060198873,-0.058210827,0.030551068,0
0.0090485085,0.040566996,0.0043900693,0
-0.02829465,0.04051191,0.0073481887,0
0.5367114,0.9918259,1.0399212,1
0.87227196,0.9211614,0.948775,1
0.018069457,0.03960487,-0.042834517,0
0.6169235,1.3920227,0.5668919,1
0.9009312,1.3137332,1.4982108,2
0.31992576,0.35513374,0.9640236,1
1.1806707,0.9218681,0.8271371,1
2.342829,1.910808,1.9066633,2
1.2243906,0.89748925,0.7915584,1
2.23539,1.7731506,1.9056758,2
1.5951009,0.84834605,0.85652435,1
1.165427,0.94552165,0.75274456,1
1.7111087,1.5489696,0.98033035,1
1.1684355,3.0274065,3.8007505,2
-0.008899305,-0.026776195,-0.0055882167,0
0.8076808,1.1906688,1.2467617,1
0.045778338,-0.05745089,0.008908508,0
1.0465415,0.72127134,1.0479696,1
1.4199765,2.340643,2.4627833,2
2.642593,1.4941425,1.64489,2
1.940863,1.9973155,1.7038304,2
-0.044857323,0.0006599406,0.0018623666,0
1.195662,0.9925457,1.0165745,1
-0.0038169508,-0.031116292,-0.0286776,0
-0.08530752,-0.040321134,0.09823695,0
0.020934226,0.08277284,0.066218175,0
1.0345567,1.1046387,1.6098208,1
0.87599367,1.2481015,1.3506529,1
-0.00048725418,0.037818518,0.02673324,0
2.8077579,2.4076579,2.1723104,2
2.1809392,1.6392611,1.0601962,2
1.0413222,0.61690176,1.2569048,1
1.379011,1.1910256,0.8906231,1
1.1689723,0.87486833,0.823251,1
0.009143754,-0.036744006,-0.07913721,0
-0.012369134,-0.009417551,-0.008686315,0
1.7258966,2.363761,2.026048,2
0.6619416,1.1216979,1.239227,1
1.951459,1.5425171,1.7317978,2
2.6615999,1.7366196,1.8783733,2
1.4293302,1.9934579,2.563725,2
-0.061712027,0.028889008,-0.019234808,0
-0.02817788,-0.0014288413,-0.007562885,0
0.0806189,-0.03460735,-0.016611531,0
2.9461498,2.234582,2.4028983,2
-0.022857757,0.088972114,-0.031816173,0
-0.025464972,-0.037373357,-0.015798235,0
1.9030247,2.002245,1.3760747,2
1.0111806,1.1769509,0.94751906,1
1.0593306,2.194355,2.2838435,2
0.7817176,0.8761556,1.164274,1
1.3223199,1.2454664,0.99850714,1
0.65173525,0.6894034,1.5745281,1
-0.023802545,-0.007020931,0.024529813,0
0.00031333332,0.036234245,-0.006352777,0
1.5077376,1.856968,1.507015,1
-0.020423595,0.049306605,0.09767965,0
2.24746,2.3605244,1.9567809,2
1.0977584,1.0237291,0.8667464,1
0.99676126,0.7853015,1.436233,1
0.907045,1.0877501,1.1301706,1
2.0268207,1.0048364,1.9207139,2
1.6723404,1.0065908,2.1547532,2
1.7422284,2.450569,2.4384794,2
1.3019713,1.1384683,0.7538002,1
0.8713875,0.9901362,1.1267413,1
0.75608146,1.2281091,0.7920154,1
1.6808485,1.965437,1.9234673,2
2.2705348,1.1757293,1.0626451,2
0.78196156,1.0136887,1.4232047,1
1.8585186,1.107665,0.8397561,1
1.3372284,1.0911319,1.3503455,1
-0.05013362,0.050460033,0.110910706,0
0.03499394,-0.04212862,-0.022422213,0
0.054365367,0.006538854,-0.0038203786,0
0.0063157706,-0.0058871643,0.010584802,0
2.5814815,2.4072757,2.4821181,2
1.085014,1.1484674,0.98525393,1
1.7621728,2.759987,1.5357788,2
1.9972351,2.500831,2.019128,2
0.7591861,0.33295813,0.4673691,1
1.1475471,1.0072658,0.96535546,1
2.0484126,3.0215693,1.2430022,2
0.86138725,0.72493136,1.1041403,1
0.46013647,1.2886618,0.7874972,1
1.5580888,0.797028,0.7244126,1
3.0713887,0.90489054,2.650485,2
0.06119209,-0.0763429,-0.052129336,0
-0.019441342,-0.028105108,0.1005031,0
1.871991,2.2705925,2.0231862,2
-0.04610016,0.08321568,-0.037144464,0
-0.047051087,0.025055792,0.011255112,0
2.7859929,1.3752863,1.4215063,2
-0.045238283,0.015214998,-0.023641761,0
-0.09848036,-0.057199247,0.05371221,0
0.016486408,-0.01685953,-0.03563734,0
2.111714,1.988644,1.7832156,2
2.6660364,1.100054,2.304608,2
2.5997884,2.466407,1.5838457,2
0.030528575,-0.03314819,0.026381528,0
0.9798489,0.60512793,1.2791452,1
2.1802602,1.6979017,3.3750806,2
1.5939014,1.4853861,1.1140611,1
0.004113482,0.028855503,-0.03699293,0
2.4045713,2.272463,1.4583688,2
1.0090677,1.0801046,1.35512,1
1.1073099,0.8982811,1.0350955,1
-0.022634739,0.019339245,-0.019380782,0
2.3958247,3.3279674,1.1677228,2
2.3651433,1.392975,1.2515198,2
1.2508028,0.5978135,1.286089,1
-0.041263003,0.0058840234,0.003715838,0
1.6911976,1.1458099,1.8560445,2
3.4675555,1.6514665,0.9228925,2
2.8693073,1.6004151,1.8202541,2
-0.053818297,0.06572429,-0.051983878,0
1.1219273,1.0779967,0.989487,1
1.3871967,1.265319,0.3161535,1
2.563332,1.5709617,2.4265137,2
0.7156554,0.5886152,0.77685523,1
-0.07781611,0.09424554,-0.032814704,0
0.091165595,-0.09010869,-0.07728246,0
0.061728403,0.023994736,0.040692598,0
0.9481368,0.99670047,0.94511265,1
1.0613859,1.4030122,1.0627819,1
0.012690393,-0.0009403208,-0.057506986,0
0.021234896,-0.036687624,0.007995636,0
0.03090899,0.042985804,0.07864001,0
0.06613655,-0.023622734,-0.049850643,0
1.1192499,0.95570755,1.0769205,1
1.4768194,1.5485559,1.2251059,2
-0.024583003,0.06825984,0.043841284,0
2.9193592,1.3408278,2.0402617,2
-0.015460202,0.017723206,-0.025470221,0
1.4677821,0.84494954,1.2767662,1
-0.12548421,0.08965866,0.07782696,0
1.4177861,2.1040885,1.6782784,2
0.0071357293,0.0006485141,0.075817294,0
1.066251,0.552378,0.9480278,1
0.9498802,1.1115842,1.1749874,1
1.5498397,1.2796483,0.98440385,1
0.81507945,1.7560341,1.5446354,2
1.662371,2.30809,3.1855202,2
2.409799,2.076601,1.8170474,2
1.2938514,1.2293434,1.3781632,1
2.4729574,2.5139933,1.4955437,2
1.949348,2.355399,1.7494205,2
1.4256713,0.56528026,1.2370355,1
-0.102779984,-0.04058952,0.019632231,0
1.5885937,2.5739715,1.9191765,2
0.03739317,-0.035025477,0.11945354,0
0.06277619,0.11996763,-0.09535861,0
1.8183795,1.8518299,1.91257,2
1.0051136,0.64524525,0.92882717,1
-0.022147808,-0.095242575,-0.04308294,0
-0.074446894,-0.059786398,0.020523751,0
0.5887839,0.3465019,1.2834604,1
0.82982403,0.7205805,1.5802975,1
1.9040451,0.9027482,1.8340161,2
0.89137816,1.776985,2.8040223,2
1.2894257,0.74166393,0.746149,1
0.6573157,1.3608112,1.1932538,1
2.6807384,2.0770562,2.6991172,2
-0.036423128,0.012625789,-0.028230257,0
2.9751413,2.0150642,2.9091825,2
0.9362078,0.5497967,0.9227506,1
1.1020877,1.360604,0.6509156,1
0.06804017,0.01627463,-0.014446205,0
1.3185784,1.8786447,0.7946073,2
2.1976693,2.5944674,1.8023653,2
1.7810056,1.444304,1.9802723,2
1.9963498,2.0293252,1.5341322,2
1.4069176,1.6045146,1.0493635,1
2.4658618,2.5200782,2.9457765,2
-0.047474813,-0.0844595,0.0644196,0
1.3486063,1.2547562,1.105465,1
1.697911,2.1357913,2.4180136,2
1.2394974,1.1633083,1.6465849,1
1.2299331,1.2422605,0.7046398,1
1.5954018,1.8685366,1.4072315,2
0.03796795,-0.037905235,-0.04357646,0
0.91015846,1.4138584,0.72682387,1
-0.060591776,0.058220033,-0.05150723,0
1.4546127,1.8498325,1.5225649,2
0.091974646,0.021473896,0.11778298,0
0.68124276,0.64247435,1.4069766,1
0.06679788,0.054730657,-0.08524183,0
1.0044255,1.0161319,1.3198358,1
-0.105750196,0.027132474,-0.045363322,0
0.059183653,0.017698346,-0.008140556,0
-0.04756444,-0.04996358,-0.060632497,0
1.0257678,1.1149485,1.3267269,1
0.82428235,1.1871834,0.89253044,1
0.077869006,0.0023144404,-0.031454496,0
-0.021021664,0.066939756,0.014617126,0
2.2375379,0.5100342,1.4752762,2
0.7804266,0.6198506,1.2619355,1
0.80543405,0.89177656,0.92777115,1
0.9127521,1.0016706,0.10249974,1
1.4607614,0.8274519,1.2676799,1
1.1203556,1.9071151,2.518763,2
0.009307638,-0.025157167,0.040457338,0
-0.045246024,-0.03157337,0.024922619,0
0.6069693,1.5805986,2.3982387,2
1.1975172,0.9475316,1.2213976,1
1.2063885,0.33019134,1.471671,1
1.1976554,1.214111,1.3173407,1
0.012426314,0.0191151,-0.03213919,0
-0.021915333,0.046897605,-0.034127038,0
0.041094825,0.0035710281,0.012801559,0
2.3534248,1.831895,2.057875,2
2.3177211,1.0508112,1.9749476,2
2.5175047,1.763206,2.535983,2
0.012838483,0.036652587,-0.029029379,0
-0.08403138,0.051037896,-0.08016326,0
0.051229734,-0.006898864,-0.0006875781,0
0.049605686,-0.009909241,-0.018930072,0
0.037842408,-0.043288633,0.011873098,0
0.004945116,0.046894573,0.043106835,0
0.025006859,-0.022831066,-0.005749774,0
1.1950563,1.1545334,0.6850692,1
1.0178924,0.37395388,0.46942365,1
-0.0051135095,-0.037781127,-0.027999096,0
1.6793662,1.4306756,1.0357014,1
1.8061209,1.3966762,1.764412,2
2.8143137,0.7909325,2.4602692,2
0.96062887,0.12909117,1.0948634,1
0.01129673,-0.010539609,-0.101247884,0
0.10182714,-0.053306974,0.012222069,0
0.7113509,1.2935027,0.70429605,1
2.3864875,2.363955,2.294894,2
1.7275851,1.886697,0.79117286,2
2.5967393,2.0697134,2.5264611,2
0.89536476,0.9076114,0.89362663,1
-0.010322319,-0.011600281,-0.006705527,0
0.003984629,-0.053911053,0.039554074,0
-0.051309057,-0.028133081,0.08413815,0
0.6391096,1.09326,1.1278348,1
0.93157357,1.6178597,0.8561048,1
-0.02602772,-0.030734751,-0.075044215,0
0.79566205,0.91118175,1.3286787,1
1.0948768,1.3071011,0.940459,1
2.0860367,1.922154,2.470148,2
1.4043268,0.77192557,0.82041574,1
-0.068897136,-0.027111735,0.02913179,0
0.057666976,-0.038006455,0.018277472,0
1.5211806,2.1727154,1.5701137,2
3.0705237,1.3558524,1.5045655,2
0.07706858,-0.07532448,0.044935968,0
-0.044252105,0.045906156,0.077164546,0
0.058150154,-0.02459554,-0.04515875,0
2.3667972,2.2743173,2.1115322,2
0.023409031,-0.12587465,-0.0017118652,0
1.5478914,1.4126642,2.5890672,2
0.038056497,0.050519314,0.009579778,0
1.1739695,0.5160702,1.0578244,1
0.8208257,0.7341023,0.7319689,1
0.018510213,-0.019566383,-0.06374972,0
1.0823412,1.3991868,1.1865202,1
1.4131166,2.12488,2.9254627,2
-0.06532911,0.0045979256,-0.0013038086,0
0.032775648,-0.075620376,0.023631288,0
1.1156454,0.900614,1.1190974,1
1.980819,2.5189319,0.8031712,2
0.008402306,-0.041661017,0.051939107,0
1.0910105,1.0725924,0.9056565,1
0.013701676,0.04897755,0.020259237,0
1.1458039,1.3546237,1.8760073,2
1.0650885,1.3730758,1.2623245,1
-0.006090231,-0.063042566,-0.031231372,0
1.8263643,2.5211895,3.1266887,2
0.9869948,0.8382411,1.3954782,1
1.4017118,0.91141635,0.9770993,1
2.5795398,1.9889205,1.6275456,2
-0.017620552,0.08052091,0.077865236,0
1.7182827,2.8943136,1.5413557,2
3.2493856,2.3966997,2.6902423,2
0.00473533,0.014822923,0.0014331859,0
2.25093,1.142962,1.779695,2
0.035289716,-0.013179395,0.049543187,0
0.8365686,1.1427441,0.26512012,1
0.057362836,0.036645137,0.011605725,0
0.06795828,-0.0396127,0.05391721,0
0.045525964,0.05637981,-0.008987555,0
0.09210536,-0.088962905,0.05660033,0
-0.10595186,0.11450421,0.053191688,0
2.3010635,1.460803,1.5406516,2
0.38722655,2.15698,2.9787595,2
1.2998918,0.80423236,1.2142872,1
3.0300183,2.2401924,1.5687879,2
2.9514322,2.1377873,2.1212456,2
2.4809065,1.6209207,1.178875,2
1.2288338,1.0360538,1.2433282,1
1.5213685,2.8743577,2.9945424,2
1.5322485,1.4457828,1.3154298,2
1.1017293,0.7539706,0.9548213,1
0.038600426,0.08772001,-0.023438489,0
2.5384684,1.0776215,1.6779737,2
0.013154318,0.00858779,-0.05704789,0
-0.033163894,-0.038970627,0.03989018,0
1.7275138,1.7469106,1.6961867,2
1.943076,2.123736,1.784238,2
0.7146936,1.1653649,0.95890796,1
-0.07791261,-0.029654486,-0.0011263045,0
1.9876264,2.4166908,1.7125902,2
-0.018769765,-0.050781652,-0.043712758,0
-0.009525214,0.05458135,-0.019531969,0
2.3252761,1.8696488,2.2781804,2
0.89436275,1.152194,1.2728544,1
1.0535432,1.8558509,2.4985616,2
2.6673691,2.9991758,0.9890979,2
1.3875921,1.9073142,2.3430607,2
2.86993,1.9669576,1.6241964,2
1.3389659,0.8662803,1.0550847,1
0.66119885,0.89842814,0.5110442,1
-0.052531358,0.05438007,0.004522506,0
0.036272317,-0.0030477135,-0.01016173,0
1.6620058,2.8536928,1.8868386,2
0.0831232,0.040626436,0.024044247,0
1.925271,3.4539378,1.7528818,2
0.9862596,1.2314675,0.8905245,1
0.87383366,1.2793547,0.6123646,1
1.1286856,1.1828011,1.847299,1
2.3471446,1.9206089,2.4219983,2
0.9688914,0.8482291,1.0500581,1
2.3648844,2.272708,1.4034265,2
0.972799,1.1127794,1.132292,1
1.8763812,1.9635979,1.8988378,2
1.1581626,0.4310963,1.0601846,1
0.051185656,-0.088042945,-0.072041675,0
1.0131538,0.95363295,0.9911887,1
-0.051731948,0.05878972,0.023654088,0
1.5698936,1.7961966,1.3762368,2
-0.02909873,-0.028874297,-0.050423212,0
1.4407516,0.8020223,1.399989,1
1.5981632,1.5441611,0.7141915,1
2.8231468,0.87190056,2.1425953,2
0.02781475,-0.03565777,0.019113636,0
2.3936427,2.099269,2.6446147,2
1.928879,2.8222964,1.4495063,2
-0.06386678,-0.0044930163,-0.09063656,0
0.022530207,0.003332171,0.0011675839,0
0.8089707,1.2984211,1.0066127,1
1.0210309,0.5261818,1.494844,1
1.1396443,0.96434313,1.2472811,1
0.0250255,0.038817115,-0.050049458,0
0.06181352,0.036921747,0.060933348,0
0.99184144,0.8229775,1.0955828,1
2.0695155,1.7631907,1.6419096,2
0.7474089,1.6129422,1.879535,2
-0.091088064,-0.03395443,0.029249111,0
0.8476586,1.1748296,0.49291006,1
2.0538828,1.4303504,2.3183048,2
1.014548,0.7179127,1.22764,1
3.3944175,1.7106498,1.8412416,2
1.1594874,0.9168194,2.2057908,2
-0.03086253,0.053801354,-0.090512305,0
2.4031525,1.1702616,1.7575766,2
0.88857406,1.1518757,1.3452169,1
2.223906,2.5346684,2.6055784,2
0.021393199,0.10650678,-0.015226222,0
2.113677,2.2258332,2.4001997,2
0.0126481345,-0.015250824,0.09039556,0
1.6147293,2.0410743,0.7422248,2
2.2966464,1.376486,1.0674089,2
1.1984241,0.72284496,0.8833305,1
-0.018652152,0.03953582,0.009542043,0
0.991879,0.8412487,0.85285676,1
1.0150927,1.0199108,0.3193997,1
2.475761,3.2563133,2.5322943,2
1.5377746,1.3730111,1.0092763,1
2.9510844,1.692189,2.9523594,2
0.80610764,1.05118,0.89998233,1
0.07190796,0.0016248602,0.010541578,0
1.8338393,2.3559616,2.5884511,2
3.2089353,2.6455386,2.1300855,2
1.809623,2.1348944,2.0465934,2
0.5498516,1.0812821,1.0659225,1
0.02036107,-0.0018644332,0.041890573,0
0.6258909,0.862296,0.8401369,1
1.0996946,0.7071942,1.0097071,1
-0.09454473,0.026915332,-0.07212631,0
0.776177,1.1248127,1.0712813,1
0.72893953,1.0389876,0.9391459,1
1.2362046,0.74458134,1.0626432,1
3.2300525,2.0779493,1.4904807,2
2.1672053,1.9738154,2.165283,2
-0.0513179,0.008028762,0.011294508,0
1.1773647,0.5781538,0.94978243,1
1.5018979,0.87593794,2.7694871,2
0.121720344,-0.019040063,0.08752706,0
1.1033798,0.76096183,1.2163986,1
0.106670015,0.0005241395,-0.069001704,0
2.049039,2.0781574,1.6856059,2
1.2924652,1.0319858,0.51924264,1
0.077695966,0.100909226,0.04009085,0
1.6002301,1.4795847,1.8261005,2
-0.0037417186,0.041111983,-0.01698409,0
0.053063646,0.049937483,0.021849638,0
-0.08142871,-0.019431418,-0.03356054,0
0.013792912,-0.012178928,-0.06495829,0
0.05244123,-0.0150579,-0.068737276,0
-0.019248866,-0.032309726,0.0032589983,0
4.1642585,2.9710925,2.5774791,2
1.4922682,1.2973871,1.7230752,1
1.2834594,0.8949945,0.96169496,1
0.75744236,0.7160235,1.1976812,1
2.019459,1.343685,2.7879837,2
0.62468976,0.65860975,1.0673697,1
2.0173914,2.4871023,3.179896,2
1.5159932,0.47572196,0.7442931,1
1.1495634,0.6624697,1.372528,1
1.2935516,2.1961246,2.602742,2
1.1982213,0.7492883,1.54829,1
0.032737866,0.0019828463,0.021828905,0
0.95730853,0.38827357,1.0121163,1
1.5533458,2.5207214,1.9069107,2
-0.048725147,0.018174432,0.059988935,0
-0.039062593,0.025352651,-0.10683444,0
1.9717538,2.16191,0.9955045,2
0.056008875,-0.009057993,-0.010388137,0
0.63024014,1.0595943,0.9076979,1
1.2114792,0.72842085,0.8100658,1
1.6028752,0.8729464,1.6815802,2
2.232402,1.901496,1.2231221,2
0.8146874,0.441128,0.8373821,1
1.085855,0.44357094,0.68030816,1
1.2188538,0.93259877,1.5402902,1
2.3757606,2.0150607,1.9589275,2
1.0046631,1.2950191,0.67443573,1
1.1261666,0.9333168,1.0583528,1
0.11896339,0.052958865,-0.03346459,0
-0.017342763,-0.10269298,0.038211267,0
1.2508014,0.87059975,0.78958696,1
-0.0112093575,0.07882516,-0.010507553,0
0.03844442,0.002811082,-0.10833779,0
1.0141234,1.0724254,0.8181234,1
0.97605234,1.1819559,0.95422435,1
0.016142871,-0.060863014,-0.00081985834,0
0.7983078,0.68685544,0.59916073,1
1.1782877,0.9276368,0.54657096,1
0.014922792,0.022560803,0.010162614,0
0.9689656,2.1303997,1.8810823,2
2.3250976,1.9003583,2.5712914,2
1.0026505,0.61944807,0.8311219,1
1.0872949,1.4766505,0.95357513,1
0.9305229,0.41012493,1.0145861,1
2.1746912,1.949223,2.1359897,2
0.6231939,1.1820507,0.42277068,1
2.0180109,0.9990753,1.4259815,2
0.8730134,1.0752323,1.4738507,1
0.9698794,1.3514712,1.2783064,1
0.6849751,1.0964587,0.8597744,1
1.5528902,1.8488946,2.9738693,2
0.80288273,0.6953264,1.4053565,2
0.32609662,0.82778037,0.9764404,1
1.3359149,0.79629177,0.8436605,1
-0.058507103,0.0059472797,0.026226088,0
2.179725,1.9621371,1.6673291,2
0.91918063,1.3817706,1.0477434,1
2.1153188,2.253158,2.2104254,2
2.1298695,2.2169602,2.1087427,2
1.5773996,0.9729346,0.91799635,2
0.57815117,1.0715854,0.7027068,1
1.1254041,1.0529268,1.0862573,1
1.1139152,1.2135203,1.4442731,1
1.0270904,3.0930915,2.1492667,2
0.68634105,1.3397895,0.32263863,1
-0.012314237,0.025437212,0.102281764,0
0.8028629,1.3935897,0.75762415,1
2.166618,1.4261333,1.761127,2
1.3232479,2.0522544,1.6018907,2
0.77014107,2.726426,2.7962778,2
1.7386504,1.0262527,0.76406544,1
0.8405568,1.1377827,0.8233507,1
0.012548477,0.012739726,0.007830969,0
1.2573891,0.68105644,1.2843845,1
-0.025204578,0.08734048,-0.029204814,0
2.5320659,2.0928829,1.8490608,2
-0.05295445,0.0051575634,-0.04724968,0
1.0047446,1.2452558,1.039686,1
0.9581263,1.1035271,0.75775284,1
1.2437797,1.0671654,1.0719793,1
-0.058085386,0.12459845,0.04066578,0
0.054812133,-0.05234764,-0.03023299,0
1.7933155,2.9913223,1.6874624,2
0.03948121,-0.05832328,-0.12447811,0
-0.07069065,0.011375708,0.025093436,0
2.3432941,1.8703699,0.6987979,2
1.8974051,1.9314309,1.4576224,2
1.229103,0.6911146,1.1165586,1
2.6210551,2.7408605,0.71983266,2
1.0291842,0.5385864,1.5613933,1
1.740396,2.464645,2.1664164,2
0.025033781,0.01091246,-0.023017116,0
0.5702427,0.87056994,1.0351399,1
1.4848344,1.9150544,2.1117556,2
0.97277653,0.9337624,0.96468014,1
2.778401,2.2720907,1.7852403,2
1.0717143,2.2914433,2.3880808,2
0.016338935,0.043197475,0.031685118,0
0.7332022,0.94253445,0.8144903,1
2.187414,2.0004358,2.1207495,2
0.031204455,-0.024101738,-0.063219756,0
-0.0008441245,0.015522191,-0.12396665,0
1.1509308,0.300399,1.3408288,1
-0.046323415,0.034273665,0.03488361,0
1.8793037,1.241135,1.9218194,2
1.6770144,1.2337111,1.9360759,2
2.3889,2.5801785,2.456498,2
1.0032715,0.9739175,0.8988251,1
-0.029300546,0.027978493,0.055873062,0
1.8420813,2.5981498,2.1879227,2
-0.057608914,0.022187142,-0.013662318,0
0.4381824,1.1872324,0.96302927,1
-0.07590207,0.017289748,-0.015473228,0
1.2558665,1.808446,1.3760611,2
1.0375329,1.1924073,0.9991608,1
0.5054978,0.41429806,1.075152,1
0.9115497,1.3268712,0.64174587,1
2.2140129,1.3241725,2.0322855,2
2.5119445,1.968545,1.7736946,2
0.8064055,1.0381837,0.702802,1
1.3882915,0.8573791,0.8476057,1
3.224701,2.0853853,2.4197204,2
-0.019572632,0.05067437,-0.03418432,0
1.2611446,2.5339854,1.9438155,2
0.98486835,0.8048275,1.3905487,1
-0.04127877,-0.07112295,0.03575598,0
0.0413288,-0.023316734,-0.11583748,0
1.6242602,1.8845817,1.6527796,2
0.0027692844,-0.060341373,-0.10493689,0
2.69951,2.187203,1.3665571,2
0.05601868,0.037716463,-0.07740303,0
1.299223,0.5031623,0.65035385,1
-0.029892635,0.013723354,-0.04547721,0
-0.077402644,-0.016148748,0.03846538,0
2.2856462,1.1698145,2.105216,2
2.40818,2.1746144,2.7744737,2
1.057915,1.028611,1.1921854,1
1.0850891,1.1163257,0.9020564,1
0.07626826,0.03216528,-0.060359675,0
-0.050427243,0.07113247,-0.04777022,0
1.8563952,1.9628229,2.252793,2
0.019817691,0.06175169,0.06478891,0
1.1303319,1.1739244,0.5795721,1
0.040707808,0.01691732,0.010058802,0
-0.056003664,-0.0034835446,-0.014810171,0
0.8725874,0.9038183,0.6742263,1
1.8387992,1.4227921,1.4187737,2
1.3983516,1.131039,2.6825702,2
0.051370263,0.061839633,0.011951303,0
1.2857046,0.6783248,1.0333564,1
1.2692089,0.919122,1.2271956,1
1.3287771,1.7363532,1.5557854,2
1.1701826,1.0589122,0.7658543,1
1.0171013,0.9874295,0.2575583,1
0.5900374,1.3531785,1.3240491,1
2.6266375,1.6741638,1.2464721,2
-0.015214169,0.041371338,-0.052415363,0
0.06851202,0.014225544,0.025139203,0
1.6906526,1.2352871,1.1725333,2
1.0186635,1.1375957,1.4681697,1
1.059165,1.3136665,0.61041033,1
0.4133926,2.773892,2.5058446,2
0.45093644,0.87545747,0.7311957,1
1.2750137,2.7408006,1.909673,2
1.63822,1.8138304,1.737578,2
0.7498941,2.776704,1.6525487,2
0.023040896,-0.023247005,0.03334894,0
1.7395076,2.9480166,1.7958786,2
2.060091,3.365942,1.8849442,2
-0.0012339654,-0.07480089,0.01824787,0
2.049186,2.6747942,2.952316,2
1.3216845,1.3204089,0.7130346,1
1.8641402,1.7492005,2.5348716,2
1.5126463,1.6333438,1.3295356,2
1.8999087,2.2469687,2.2467256,2
0.013680678,-0.047342464,-0.02348758,0
1.3647149,0.7938439,0.9906737,1
0.9841,2.7661498,1.0932697,2
1.1061808,0.60071224,1.1684318,1
0.96088415,1.038226,0.5395297,1
0.041953117,-0.05429086,0.016141197,0
1.174445,2.6793678,3.2451339,2
-0.0206064,-0.033402655,-0.032817867,0
1.468394,1.4154778,1.3943986,1
-0.023894597,-0.11379873,-0.0648504,0
1.6529902,3.1395192,1.3715165,2
1.301956,1.8398663,2.7865262,2
1.919093,0.8238219,3.1784546,2
0.36019483,0.5143327,1.1539121,1
0.0547071,-0.0050766706,0.04035134,0
2.2590044,2.0209448,2.620684,2
-0.040476765,0.027861362,0.08808048,0
1.0675745,1.777374,2.3547573,2
0.026628861,-0.050257947,0.0728725,0
-0.013691216,-0.00046058316,-0.0037643195,0
1.0428644,0.61317915,1.033472,1
2.118328,2.011472,1.619804,2
0.044330537,-0.09100054,-0.017118543,0
1.168923,0.7659688,1.6452355,1
2.5844574,2.3103707,2.2246342,2
2.0315912,1.7073243,2.6859672,2
1.0892435,1.0133293,1.3229645,1
1.0746967,1.9686645,1.7543082,2
-0.037410896,0.052356627,-0.059687056,0
0.44982103,0.2501925,0.9485715,1
0.056351647,-0.1616788,0.017319607,0
2.7229457,2.272734,1.5811871,2
2.2324994,2.5387657,2.073617,2
1.2832838,0.91526985,0.9325491,1
-0.03443947,0.0823971,0.00881412,0
1.3991992,0.7753132,0.8274968,1
0.032459028,0.07344119,-0.026540508,0
1.4995068,2.4559777,2.1195529,2
0.7728808,0.8342034,0.74921715,1
0.4861668,0.98584,1.0445521,1
0.8161849,1.0604241,1.3698475,1
1.54305,0.73564017,1.3613958,1
-0.02124197,-0.031963017,-0.032521773,0
